,Time
0,2024-01-10
1,2024-01-10
2,2024-01-10
3,2024-01-10
4,2024-01-10
5,2024-01-10
6,2024-01-10
7,2024-01-10
8,2024-01-10
9,2024-01-10
10,2024-01-10
11,2024-01-10
12,2024-01-10
13,2024-01-10
14,2024-01-10
15,2024-01-10
16,2024-01-10
17,2024-01-10
18,2024-01-10
19,2024-01-10
20,2024-01-10
21,2024-01-10
22,2024-01-10
23,2024-01-10
24,2024-01-10
25,2024-01-10
26,2024-01-10
27,2024-01-10
28,2024-01-10
29,2024-01-10
30,2024-01-10
31,2024-01-10
32,2024-01-10
33,2024-01-10
34,2024-01-10
35,2024-01-10
36,2024-01-10
37,2024-01-10
38,2024-01-10
39,2024-01-10
40,2024-01-10
41,2024-01-10
42,2024-01-10
43,2024-01-10
44,2024-01-10
45,2024-01-10
46,2024-01-10
47,2024-01-10
48,2024-01-10
49,2024-01-10
50,2024-01-10
51,2024-01-10
52,2024-02-10
53,2024-02-10
54,2024-02-10
55,2024-02-10
56,2024-02-10
57,2024-02-10
58,2024-02-10
59,2024-02-10
60,2024-02-10
61,2024-02-10
62,2024-02-10
63,2024-02-10
64,2024-02-10
65,2024-02-10
66,2024-02-10
67,2024-02-10
68,2024-02-10
69,2024-02-10
70,2024-02-10
71,2024-02-10
72,2024-02-10
73,2024-02-10
74,2024-02-10
75,2024-02-10
76,2024-02-10
77,2024-02-10
78,2024-02-10
79,2024-02-10
80,2024-02-10
81,2024-02-10
82,2024-02-10
83,2024-02-10
84,2024-02-10
85,2024-02-10
86,2024-02-10
87,2024-02-10
88,2024-02-10
89,2024-02-10
90,2024-02-10
91,2024-02-10
92,2024-02-10
93,2024-02-10
94,2024-02-10
95,2024-02-10
96,2024-02-10
97,2024-02-10
98,2024-02-10
99,2024-02-10
100,2024-02-10
101,2024-02-10
102,2024-02-10
103,2024-02-10
104,2024-02-10
105,2024-02-10
106,2024-02-10
107,2024-02-10
108,2024-02-10
109,2024-02-10
110,2024-02-10
111,2024-02-10
112,2024-02-10
113,2024-02-10
114,2024-02-10
115,2024-02-10
116,2024-02-10
117,2024-02-10
118,2024-02-10
119,2024-02-10
120,2024-02-10
121,2024-02-10
122,2024-02-10
123,2024-02-10
124,2024-02-10
125,2024-02-10
126,2024-02-10
127,2024-02-10
128,2024-02-10
129,2024-02-10
130,2024-02-10
131,2024-02-10
132,2024-02-10
133,2024-02-10
134,2024-02-10
135,2024-02-10
136,2024-02-10
137,2024-02-10
138,2024-02-10
139,2024-02-10
140,2024-02-10
141,2024-02-10
142,2024-02-10
143,2024-02-10
144,2024-02-10
145,2024-02-10
146,2024-02-10
147,2024-02-10
148,2024-02-10
149,2024-02-10
150,2024-02-10
151,2024-02-10
152,2024-02-10
153,2024-02-10
154,2024-02-10
155,2024-02-10
156,2024-02-10
157,2024-02-10
158,2024-02-10
159,2024-02-10
160,2024-02-10
161,2024-02-10
162,2024-02-10
163,2024-02-10
164,2024-02-10
165,2024-02-10
166,2024-02-10
167,2024-02-10
168,2024-02-10
169,2024-02-10
170,2024-02-10
171,2024-02-10
172,2024-02-10
173,2024-02-10
174,2024-02-10
175,2024-02-10
176,2024-02-10
177,2024-02-10
178,2024-02-10
179,2024-02-10
180,2024-02-10
181,2024-02-10
182,2024-02-10
183,2024-02-10
184,2024-02-10
185,2024-02-10
186,2024-02-10
187,2024-02-10
188,2024-02-10
189,2024-02-10
190,2024-02-10
191,2024-02-10
192,2024-02-10
193,2024-02-10
194,2024-02-10
195,2024-02-10
196,2024-02-10
197,2024-02-10
198,2024-02-10
199,2024-02-10
200,2024-02-10
201,2024-02-10
202,2024-02-10
203,2024-02-10
204,2024-02-10
205,2024-02-10
206,2024-02-10
207,2024-02-10
208,2024-02-10
209,2024-02-10
210,2024-02-10
211,2024-02-10
212,2024-02-10
213,2024-02-10
214,2024-02-10
215,2024-02-10
216,2024-02-10
217,2024-02-10
218,2024-02-10
219,2024-02-10
220,2024-02-10
221,2024-02-10
222,2024-02-10
223,2024-02-10
224,2024-02-10
225,2024-02-10
226,2024-02-10
227,2024-02-10
228,2024-02-10
229,2024-02-10
230,2024-02-10
231,2024-02-10
232,2024-02-10
233,2024-02-10
234,2024-02-10
235,2024-02-10
236,2024-02-10
237,2024-02-10
238,2024-02-10
239,2024-02-10
240,2024-02-10
241,2024-02-10
242,2024-02-10
243,2024-02-10
244,2024-02-10
245,2024-02-10
246,2024-02-10
247,2024-02-10
248,2024-02-10
249,2024-02-10
250,2024-02-10
251,2024-02-10
252,2024-02-10
253,2024-02-10
254,2024-02-10
255,2024-02-10
256,2024-02-10
257,2024-02-10
258,2024-02-10
259,2024-02-10
260,2024-02-10
261,2024-02-10
262,2024-02-10
263,2024-02-10
264,2024-02-10
265,2024-02-10
266,2024-02-10
267,2024-02-10
268,2024-02-10
269,2024-02-10
270,2024-02-10
271,2024-02-10
272,2024-02-10
273,2024-02-10
274,2024-02-10
275,2024-02-10
276,2024-02-10
277,2024-02-10
278,2024-02-10
279,2024-02-10
280,2024-02-10
281,2024-02-10
282,2024-02-10
283,2024-02-10
284,2024-02-10
285,2024-02-10
286,2024-02-10
287,2024-02-10
288,2024-02-10
289,2024-02-10
290,2024-02-10
291,2024-02-10
292,2024-02-10
293,2024-02-10
294,2024-02-10
295,2024-02-10
296,2024-02-10
297,2024-02-10
298,2024-02-10
299,2024-02-10
300,2024-02-10
301,2024-02-10
302,2024-02-10
303,2024-02-10
304,2024-02-10
305,2024-02-10
306,2024-02-10
307,2024-02-10
308,2024-02-10
309,2024-02-10
310,2024-02-10
311,2024-02-10
312,2024-02-10
313,2024-02-10
314,2024-02-10
315,2024-02-10
316,2024-02-10
317,2024-02-10
318,2024-02-10
319,2024-02-10
320,2024-02-10
321,2024-02-10
322,2024-02-10
323,2024-02-10
324,2024-02-10
325,2024-02-10
326,2024-02-10
327,2024-02-10
328,2024-02-10
329,2024-02-10
330,2024-02-10
331,2024-02-10
332,2024-02-10
333,2024-02-10
334,2024-02-10
335,2024-02-10
336,2024-02-10
337,2024-02-10
338,2024-02-10
339,2024-02-10
340,2024-02-10
341,2024-02-10
342,2024-02-10
343,2024-02-10
344,2024-02-10
345,2024-02-10
346,2024-02-10
347,2024-02-10
348,2024-02-10
349,2024-02-10
350,2024-02-10
351,2024-02-10
352,2024-02-10
353,2024-02-10
354,2024-02-10
355,2024-02-10
356,2024-02-10
357,2024-02-10
358,2024-02-10
359,2024-02-10
360,2024-02-10
361,2024-02-10
362,2024-02-10
363,2024-02-10
364,2024-02-10
365,2024-02-10
366,2024-02-10
367,2024-02-10
368,2024-02-10
369,2024-02-10
370,2024-02-10
371,2024-02-10
372,2024-02-10
373,2024-02-10
374,2024-02-10
375,2024-02-10
376,2024-02-10
377,2024-02-10
378,2024-02-10
379,2024-02-10
380,2024-02-10
381,2024-02-10
382,2024-02-10
383,2024-02-10
384,2024-02-10
385,2024-02-10
386,2024-02-10
387,2024-02-10
388,2024-02-10
389,2024-02-10
390,2024-02-10
391,2024-02-10
392,2024-02-10
393,2024-02-10
394,2024-02-10
395,2024-02-10
396,2024-02-10
397,2024-02-10
398,2024-02-10
399,2024-02-10
400,2024-02-10
401,2024-02-10
402,2024-02-10
403,2024-02-10
404,2024-02-10
405,2024-02-10
406,2024-02-10
407,2024-02-10
408,2024-02-10
409,2024-02-10
410,2024-02-10
411,2024-02-10
412,2024-02-10
413,2024-02-10
414,2024-02-10
415,2024-02-10
416,2024-02-10
417,2024-02-10
418,2024-02-10
419,2024-02-10
420,2024-02-10
421,2024-02-10
422,2024-02-10
423,2024-02-10
424,2024-02-10
425,2024-02-10
426,2024-02-10
427,2024-02-10
428,2024-02-10
429,2024-02-10
430,2024-02-10
431,2024-02-10
432,2024-02-10
433,2024-02-10
434,2024-02-10
435,2024-02-10
436,2024-02-10
437,2024-02-10
438,2024-02-10
439,2024-02-10
440,2024-02-10
441,2024-02-10
442,2024-02-10
443,2024-02-10
444,2024-02-10
445,2024-02-10
446,2024-02-10
447,2024-02-10
448,2024-02-10
449,2024-02-10
450,2024-02-10
451,2024-02-10
452,2024-02-10
453,2024-02-10
454,2024-02-10
455,2024-02-10
456,2024-02-10
457,2024-02-10
458,2024-02-10
459,2024-02-10
460,2024-02-10
461,2024-02-10
462,2024-02-10
463,2024-02-10
464,2024-02-10
465,2024-02-10
466,2024-02-10
467,2024-02-10
468,2024-02-10
469,2024-02-10
470,2024-02-10
471,2024-02-10
472,2024-02-10
473,2024-02-10
474,2024-02-10
475,2024-02-10
476,2024-02-10
477,2024-02-10
478,2024-02-10
479,2024-02-10
480,2024-02-10
481,2024-02-10
482,2024-02-10
483,2024-02-10
484,2024-02-10
485,2024-02-10
486,2024-02-10
487,2024-02-10
488,2024-02-10
489,2024-02-10
490,2024-02-10
491,2024-02-10
492,2024-02-10
493,2024-02-10
494,2024-02-10
495,2024-02-10
496,2024-02-10
497,2024-02-10
498,2024-02-10
499,2024-02-10
500,2024-02-10
501,2024-02-10
502,2024-02-10
503,2024-02-10
504,2024-02-10
505,2024-02-10
506,2024-02-10
507,2024-02-10
508,2024-02-10
509,2024-02-10
510,2024-02-10
511,2024-02-10
512,2024-02-10
513,2024-02-10
514,2024-02-10
515,2024-02-10
516,2024-02-10
517,2024-02-10
518,2024-02-10
519,2024-02-10
520,2024-02-10
521,2024-02-10
522,2024-02-10
523,2024-02-10
524,2024-02-10
525,2024-02-10
526,2024-02-10
527,2024-02-10
528,2024-02-10
529,2024-02-10
530,2024-02-10
531,2024-02-10
532,2024-02-10
533,2024-02-10
534,2024-02-10
535,2024-02-10
536,2024-02-10
537,2024-02-10
538,2024-02-10
539,2024-02-10
540,2024-02-10
541,2024-02-10
542,2024-02-10
543,2024-02-10
544,2024-02-10
545,2024-02-10
546,2024-02-10
547,2024-02-10
548,2024-02-10
549,2024-02-10
550,2024-02-10
551,2024-02-10
552,2024-02-10
553,2024-02-10
554,2024-02-10
555,2024-02-10
556,2024-02-10
557,2024-02-10
558,2024-02-10
559,2024-02-10
560,2024-02-10
561,2024-02-10
562,2024-02-10
563,2024-02-10
564,2024-02-10
565,2024-02-10
566,2024-02-10
567,2024-02-10
568,2024-02-10
569,2024-02-10
570,2024-02-10
571,2024-02-10
572,2024-02-10
573,2024-02-10
574,2024-02-10
575,2024-02-10
576,2024-02-10
577,2024-02-10
578,2024-02-10
579,2024-02-10
580,2024-02-10
581,2024-02-10
582,2024-02-10
583,2024-02-10
584,2024-02-10
585,2024-02-10
586,2024-02-10
587,2024-02-10
588,2024-02-10
589,2024-02-10
590,2024-02-10
591,2024-02-10
592,2024-02-10
593,2024-02-10
594,2024-02-10
595,2024-02-10
596,2024-02-10
597,2024-02-10
598,2024-02-10
599,2024-02-10
600,2024-02-10
601,2024-02-10
602,2024-02-10
603,2024-02-10
604,2024-02-10
605,2024-02-10
606,2024-02-10
607,2024-02-10
608,2024-02-10
609,2024-02-10
610,2024-02-10
611,2024-02-10
612,2024-02-10
613,2024-02-10
614,2024-02-10
615,2024-02-10
616,2024-02-10
617,2024-02-10
618,2024-02-10
619,2024-02-10
620,2024-02-10
621,2024-02-10
622,2024-02-10
623,2024-02-10
624,2024-02-10
625,2024-02-10
626,2024-02-10
627,2024-02-10
628,2024-02-10
629,2024-02-10
630,2024-02-10
631,2024-02-10
632,2024-02-10
633,2024-02-10
634,2024-02-10
635,2024-02-10
636,2024-02-10
637,2024-02-10
638,2024-02-10
639,2024-02-10
640,2024-02-10
641,2024-02-10
642,2024-02-10
643,2024-02-10
644,2024-02-10
645,2024-02-10
646,2024-02-10
647,2024-02-10
648,2024-02-10
649,2024-02-10
650,2024-02-10
651,2024-02-10
652,2024-02-10
653,2024-02-10
654,2024-02-10
655,2024-02-10
656,2024-02-10
657,2024-02-10
658,2024-02-10
659,2024-02-10
660,2024-02-10
661,2024-02-10
662,2024-02-10
663,2024-02-10
664,2024-02-10
665,2024-02-10
666,2024-02-10
667,2024-02-10
668,2024-02-10
669,2024-02-10
670,2024-02-10
671,2024-02-10
672,2024-02-10
673,2024-02-10
674,2024-02-10
675,2024-02-10
676,2024-02-10
677,2024-02-10
678,2024-02-10
679,2024-02-10
680,2024-02-10
681,2024-02-10
682,2024-02-10
683,2024-02-10
684,2024-02-10
685,2024-02-10
686,2024-02-10
687,2024-02-10
688,2024-02-10
689,2024-02-10
690,2024-02-10
691,2024-02-10
692,2024-02-10
693,2024-02-10
694,2024-02-10
695,2024-02-10
696,2024-02-10
697,2024-02-10
698,2024-02-10
699,2024-02-10
700,2024-02-10
701,2024-02-10
702,2024-02-10
703,2024-02-10
704,2024-02-10
705,2024-02-10
706,2024-02-10
707,2024-02-10
708,2024-02-10
709,2024-02-10
710,2024-02-10
711,2024-02-10
712,2024-02-10
713,2024-02-10
714,2024-02-10
715,2024-02-10
716,2024-02-10
717,2024-02-10
718,2024-02-10
719,2024-02-10
720,2024-02-10
721,2024-02-10
722,2024-02-10
723,2024-02-10
724,2024-02-10
725,2024-02-10
726,2024-02-10
727,2024-02-10
728,2024-02-10
729,2024-02-10
730,2024-02-10
731,2024-02-10
732,2024-02-10
733,2024-02-10
734,2024-02-10
735,2024-02-10
736,2024-02-10
737,2024-02-10
738,2024-02-10
739,2024-02-10
740,2024-02-10
741,2024-02-10
742,2024-02-10
743,2024-02-10
744,2024-02-10
745,2024-02-10
746,2024-02-10
747,2024-02-10
748,2024-02-10
749,2024-02-10
750,2024-02-10
751,2024-02-10
752,2024-02-10
753,2024-02-10
754,2024-02-10
755,2024-02-10
756,2024-02-10
757,2024-02-10
758,2024-02-10
759,2024-02-10
760,2024-02-10
761,2024-02-10
762,2024-02-10
763,2024-02-10
764,2024-02-10
765,2024-02-10
766,2024-02-10
767,2024-02-10
768,2024-02-10
769,2024-02-10
770,2024-02-10
771,2024-02-10
772,2024-02-10
773,2024-02-10
774,2024-02-10
775,2024-02-10
776,2024-02-10
777,2024-02-10
778,2024-02-10
779,2024-02-10
780,2024-02-10
781,2024-02-10
782,2024-02-10
783,2024-02-10
784,2024-02-10
785,2024-02-10
786,2024-02-10
787,2024-02-10
788,2024-02-10
789,2024-02-10
790,2024-02-10
791,2024-02-10
792,2024-02-10
793,2024-02-10
794,2024-02-10
795,2024-02-10
796,2024-02-10
797,2024-02-10
798,2024-02-10
799,2024-02-10
800,2024-02-10
801,2024-02-10
802,2024-02-10
803,2024-02-10
804,2024-02-10
805,2024-02-10
806,2024-02-10
807,2024-03-10
808,2024-03-10
809,2024-03-10
810,2024-03-10
811,2024-03-10
812,2024-03-10
813,2024-03-10
814,2024-03-10
815,2024-03-10
816,2024-03-10
817,2024-03-10
818,2024-03-10
819,2024-03-10
820,2024-03-10
821,2024-03-10
822,2024-03-10
823,2024-03-10
824,2024-03-10
825,2024-03-10
826,2024-03-10
827,2024-03-10
828,2024-03-10
829,2024-03-10
830,2024-03-10
831,2024-03-10
832,2024-03-10
833,2024-03-10
834,2024-03-10
835,2024-03-10
836,2024-03-10
837,2024-03-10
838,2024-03-10
839,2024-03-10
840,2024-03-10
841,2024-03-10
842,2024-03-10
843,2024-03-10
844,2024-03-10
845,2024-03-10
846,2024-03-10
847,2024-03-10
848,2024-03-10
849,2024-03-10
850,2024-03-10
851,2024-03-10
852,2024-04-10
853,2024-04-10
854,2024-04-10
855,2024-04-10
856,2024-04-10
857,2024-04-10
858,2024-04-10
859,2024-04-10
860,2024-04-10
861,2024-04-10
862,2024-04-10
863,2024-04-10
864,2024-04-10
865,2024-04-10
866,2024-04-10
867,2024-04-10
868,2024-04-10
869,2024-04-10
870,2024-04-10
871,2024-04-10
872,2024-04-10
873,2024-04-10
874,2024-04-10
875,2024-04-10
876,2024-04-10
877,2024-04-10
878,2024-04-10
879,2024-04-10
880,2024-04-10
881,2024-04-10
882,2024-04-10
883,2024-04-10
884,2024-04-10
885,2024-04-10
886,2024-04-10
887,2024-04-10
888,2024-04-10
889,2024-04-10
890,2024-04-10
891,2024-04-10
892,2024-04-10
893,2024-04-10
894,2024-04-10
895,2024-04-10
896,2024-04-10
897,2024-05-10
898,2024-05-10
899,2024-05-10
900,2024-05-10
901,2024-05-10
902,2024-05-10
903,2024-05-10
904,2024-05-10
905,2024-05-10
906,2024-05-10
907,2024-05-10
908,2024-05-10
909,2024-05-10
910,2024-05-10
911,2024-05-10
912,2024-05-10
913,2024-05-10
914,2024-05-10
915,2024-05-10
916,2024-05-10
917,2024-05-10
918,2024-05-10
919,2024-05-10
920,2024-05-10
921,2024-05-10
922,2024-05-10
923,2024-05-10
924,2024-05-10
925,2024-05-10
926,2024-05-10
927,2024-05-10
928,2024-05-10
929,2024-05-10
930,2024-05-10
931,2024-05-10
932,2024-05-10
933,2024-05-10
934,2024-05-10
935,2024-05-10
936,2024-05-10
937,2024-05-10
938,2024-05-10
939,2024-05-10
940,2024-05-10
941,2024-05-10
942,2024-05-10
943,2024-05-10
944,2024-05-10
945,2024-05-10
946,2024-05-10
947,2024-05-10
948,2024-05-10
949,2024-05-10
950,2024-05-10
951,2024-05-10
952,2024-05-10
953,2024-05-10
954,2024-05-10
955,2024-05-10
956,2024-05-10
957,2024-05-10
958,2024-05-10
959,2024-05-10
960,2024-05-10
961,2024-05-10
962,2024-05-10
963,2024-05-10
964,2024-05-10
965,2024-05-10
966,2024-05-10
967,2024-05-10
968,2024-05-10
969,2024-05-10
970,2024-05-10
971,2024-05-10
972,2024-05-10
973,2024-05-10
974,2024-05-10
975,2024-05-10
976,2024-05-10
977,2024-05-10
978,2024-05-10
979,2024-05-10
980,2024-05-10
981,2024-05-10
982,2024-05-10
983,2024-05-10
984,2024-05-10
985,2024-05-10
986,2024-05-10
987,2024-05-10
988,2024-05-10
989,2024-05-10
990,2024-05-10
991,2024-05-10
992,2024-05-10
993,2024-05-10
994,2024-05-10
995,2024-05-10
996,2024-05-10
997,2024-05-10
998,2024-05-10
999,2024-05-10
1000,2024-05-10
1001,2024-05-10
1002,2024-05-10
1003,2024-05-10
1004,2024-05-10
1005,2024-05-10
1006,2024-05-10
1007,2024-05-10
1008,2024-05-10
1009,2024-05-10
1010,2024-05-10
1011,2024-05-10
1012,2024-05-10
1013,2024-05-10
1014,2024-05-10
1015,2024-05-10
1016,2024-05-10
1017,2024-05-10
1018,2024-05-10
1019,2024-05-10
1020,2024-05-10
1021,2024-05-10
1022,2024-05-10
1023,2024-05-10
1024,2024-05-10
1025,2024-05-10
1026,2024-05-10
1027,2024-05-10
1028,2024-05-10
1029,2024-05-10
1030,2024-05-10
1031,2024-05-10
1032,2024-05-10
1033,2024-05-10
1034,2024-05-10
1035,2024-05-10
1036,2024-05-10
1037,2024-05-10
1038,2024-05-10
1039,2024-05-10
1040,2024-05-10
1041,2024-05-10
1042,2024-05-10
1043,2024-05-10
1044,2024-05-10
1045,2024-05-10
1046,2024-05-10
1047,2024-05-10
1048,2024-05-10
1049,2024-05-10
1050,2024-05-10
1051,2024-05-10
1052,2024-05-10
1053,2024-05-10
1054,2024-05-10
1055,2024-05-10
1056,2024-05-10
1057,2024-05-10
1058,2024-05-10
1059,2024-05-10
1060,2024-05-10
1061,2024-05-10
1062,2024-05-10
1063,2024-05-10
1064,2024-05-10
1065,2024-05-10
1066,2024-05-10
1067,2024-05-10
1068,2024-05-10
1069,2024-05-10
1070,2024-05-10
1071,2024-05-10
1072,2024-05-10
1073,2024-05-10
1074,2024-05-10
1075,2024-05-10
1076,2024-05-10
1077,2024-05-10
1078,2024-05-10
1079,2024-05-10
1080,2024-05-10
1081,2024-05-10
1082,2024-05-10
1083,2024-05-10
1084,2024-05-10
1085,2024-05-10
1086,2024-05-10
1087,2024-05-10
1088,2024-05-10
1089,2024-05-10
1090,2024-05-10
1091,2024-05-10
1092,2024-05-10
1093,2024-05-10
1094,2024-05-10
1095,2024-05-10
1096,2024-05-10
1097,2024-05-10
1098,2024-05-10
1099,2024-05-10
1100,2024-05-10
1101,2024-05-10
1102,2024-05-10
1103,2024-05-10
1104,2024-05-10
1105,2024-05-10
1106,2024-05-10
1107,2024-05-10
1108,2024-05-10
1109,2024-05-10
1110,2024-05-10
1111,2024-05-10
1112,2024-05-10
1113,2024-05-10
1114,2024-05-10
1115,2024-05-10
1116,2024-05-10
1117,2024-05-10
1118,2024-05-10
1119,2024-05-10
1120,2024-05-10
1121,2024-05-10
1122,2024-05-10
1123,2024-05-10
1124,2024-05-10
1125,2024-05-10
1126,2024-05-10
1127,2024-05-10
1128,2024-05-10
1129,2024-05-10
1130,2024-05-10
1131,2024-05-10
1132,2024-05-10
1133,2024-05-10
1134,2024-05-10
1135,2024-05-10
1136,2024-05-10
1137,2024-05-10
1138,2024-05-10
1139,2024-05-10
1140,2024-05-10
1141,2024-05-10
1142,2024-05-10
1143,2024-05-10
1144,2024-05-10
1145,2024-05-10
1146,2024-05-10
1147,2024-05-10
1148,2024-05-10
1149,2024-05-10
1150,2024-05-10
1151,2024-05-10
1152,2024-05-10
1153,2024-05-10
1154,2024-05-10
1155,2024-05-10
1156,2024-05-10
1157,2024-05-10
1158,2024-05-10
1159,2024-05-10
1160,2024-05-10
1161,2024-05-10
1162,2024-05-10
1163,2024-05-10
1164,2024-05-10
1165,2024-05-10
1166,2024-05-10
1167,2024-05-10
1168,2024-05-10
1169,2024-05-10
1170,2024-05-10
1171,2024-05-10
1172,2024-05-10
1173,2024-05-10
1174,2024-05-10
1175,2024-05-10
1176,2024-05-10
1177,2024-05-10
1178,2024-05-10
1179,2024-05-10
1180,2024-05-10
1181,2024-05-10
1182,2024-05-10
1183,2024-05-10
1184,2024-05-10
1185,2024-05-10
1186,2024-05-10
1187,2024-05-10
1188,2024-05-10
1189,2024-05-10
1190,2024-05-10
1191,2024-05-10
1192,2024-05-10
1193,2024-05-10
1194,2024-05-10
1195,2024-05-10
1196,2024-05-10
1197,2024-05-10
1198,2024-05-10
1199,2024-05-10
1200,2024-05-10
1201,2024-05-10
1202,2024-05-10
1203,2024-05-10
1204,2024-05-10
1205,2024-05-10
1206,2024-05-10
1207,2024-05-10
1208,2024-05-10
1209,2024-05-10
1210,2024-05-10
1211,2024-05-10
1212,2024-05-10
1213,2024-05-10
1214,2024-05-10
1215,2024-05-10
1216,2024-05-10
1217,2024-05-10
1218,2024-05-10
1219,2024-05-10
1220,2024-05-10
1221,2024-05-10
1222,2024-05-10
1223,2024-05-10
1224,2024-05-10
1225,2024-05-10
1226,2024-05-10
1227,2024-05-10
1228,2024-05-10
1229,2024-05-10
1230,2024-05-10
1231,2024-06-10
1232,2024-06-10
1233,2024-06-10
1234,2024-06-10
1235,2024-06-10
1236,2024-06-10
1237,2024-06-10
1238,2024-06-10
1239,2024-06-10
1240,2024-06-10
1241,2024-06-10
1242,2024-06-10
1243,2024-06-10
1244,2024-06-10
1245,2024-06-10
1246,2024-06-10
1247,2024-06-10
1248,2024-06-10
1249,2024-06-10
1250,2024-06-10
1251,2024-06-10
1252,2024-06-10
1253,2024-06-10
1254,2024-06-10
1255,2024-07-10
1256,2024-07-10
1257,2024-07-10
1258,2024-07-10
1259,2024-07-10
1260,2024-07-10
1261,2024-07-10
1262,2024-07-10
1263,2024-07-10
1264,2024-07-10
1265,2024-07-10
1266,2024-07-10
1267,2024-07-10
1268,2024-07-10
1269,2024-07-10
1270,2024-07-10
1271,2024-07-10
1272,2024-07-10
1273,2024-07-10
1274,2024-07-10
1275,2024-07-10
1276,2024-07-10
1277,2024-07-10
1278,2024-07-10
1279,2024-07-10
1280,2024-07-10
1281,2024-07-10
1282,2024-07-10
1283,2024-07-10
1284,2024-07-10
1285,2024-07-10
1286,2024-07-10
1287,2024-07-10
1288,2024-07-10
1289,2024-07-10
1290,2024-07-10
1291,2024-07-10
1292,2024-07-10
1293,2024-07-10
1294,2024-07-10
1295,2024-07-10
1296,2024-07-10
1297,2024-07-10
1298,2024-07-10
1299,2024-07-10
1300,2024-07-10
1301,2024-07-10
1302,2024-07-10
1303,2024-07-10
1304,2024-07-10
1305,2024-07-10
1306,2024-07-10
1307,2024-07-10
1308,2024-07-10
1309,2024-07-10
1310,2024-07-10
1311,2024-07-10
1312,2024-07-10
1313,2024-07-10
1314,2024-07-10
1315,2024-07-10
1316,2024-07-10
1317,2024-07-10
1318,2024-07-10
1319,2024-07-10
1320,2024-07-10
1321,2024-07-10
1322,2024-07-10
1323,2024-07-10
1324,2024-07-10
1325,2024-07-10
1326,2024-07-10
1327,2024-07-10
1328,2024-07-10
1329,2024-07-10
1330,2024-07-10
1331,2024-07-10
1332,2024-07-10
1333,2024-07-10
1334,2024-07-10
1335,2024-07-10
1336,2024-07-10
1337,2024-07-10
1338,2024-07-10
1339,2024-07-10
1340,2024-07-10
1341,2024-07-10
1342,2024-07-10
1343,2024-07-10
1344,2024-07-10
1345,2024-07-10
1346,2024-07-10
1347,2024-07-10
1348,2024-07-10
1349,2024-08-10
1350,2024-08-10
1351,2024-08-10
1352,2024-08-10
1353,2024-08-10
1354,2024-08-10
1355,2024-08-10
1356,2024-08-10
1357,2024-08-10
1358,2024-08-10
1359,2024-08-10
1360,2024-08-10
1361,2024-08-10
1362,2024-08-10
1363,2024-08-10
1364,2024-08-10
1365,2024-08-10
1366,2024-08-10
1367,2024-08-10
1368,2024-08-10
1369,2024-08-10
1370,2024-08-10
1371,2024-08-10
1372,2024-08-10
1373,2024-08-10
1374,2024-08-10
1375,2024-08-10
1376,2024-08-10
1377,2024-08-10
1378,2024-08-10
1379,2024-08-10
1380,2024-08-10
1381,2024-08-10
1382,2024-08-10
1383,2024-08-10
1384,2024-08-10
1385,2024-08-10
1386,2024-08-10
1387,2024-08-10
1388,2024-08-10
1389,2024-08-10
1390,2024-08-10
1391,2024-08-10
1392,2024-08-10
1393,2024-08-10
1394,2024-08-10
1395,2024-08-10
1396,2024-08-10
1397,2024-08-10
1398,2024-08-10
1399,2024-08-10
1400,2024-08-10
1401,2024-08-10
1402,2024-08-10
1403,2024-08-10
1404,2024-08-10
1405,2024-08-10
1406,2024-08-10
1407,2024-08-10
1408,2024-08-10
1409,2024-08-10
1410,2024-08-10
1411,2024-08-10
1412,2024-08-10
1413,2024-08-10
1414,2024-08-10
1415,2024-08-10
1416,2024-08-10
1417,2024-08-10
1418,2024-08-10
1419,2024-08-10
1420,2024-08-10
1421,2024-08-10
1422,2024-08-10
1423,2024-08-10
1424,2024-08-10
1425,2024-08-10
1426,2024-08-10
1427,2024-08-10
1428,2024-08-10
1429,2024-08-10
1430,2024-08-10
1431,2024-09-10
1432,2024-09-10
1433,2024-09-10
1434,2024-09-10
1435,2024-09-10
1436,2024-09-10
1437,2024-09-10
1438,2024-09-10
1439,2024-09-10
1440,2024-09-10
1441,2024-09-10
1442,2024-09-10
1443,2024-09-10
1444,2024-09-10
1445,2024-09-10
1446,2024-09-10
1447,2024-09-10
1448,2024-09-10
1449,2024-09-10
1450,2024-09-10
1451,2024-09-10
1452,2024-09-10
1453,2024-09-10
1454,2024-09-10
1455,2024-09-10
1456,2024-09-10
1457,2024-09-10
1458,2024-09-10
1459,2024-09-10
1460,2024-09-10
1461,2024-09-10
1462,2024-09-10
1463,2024-09-10
1464,2024-09-10
1465,2024-09-10
1466,2024-09-10
1467,2024-09-10
1468,2024-09-10
1469,2024-09-10
1470,2024-09-10
1471,2024-09-10
1472,2024-09-10
1473,2024-09-10
1474,2024-09-10
1475,2024-09-10
1476,2024-09-10
1477,2024-09-10
1478,2024-09-10
1479,2024-09-10
1480,2024-09-10
1481,2024-09-10
1482,2024-09-10
1483,2024-09-10
1484,2024-09-10
1485,2024-09-10
1486,2024-09-10
1487,2024-09-10
1488,2024-09-10
1489,2024-09-10
1490,2024-09-10
1491,2024-09-10
1492,2024-09-10
1493,2024-09-10
1494,2024-09-10
1495,2024-09-10
1496,2024-09-10
1497,2024-09-10
1498,2024-09-10
1499,2024-09-10
1500,2024-09-10
1501,2024-09-10
1502,2024-09-10
1503,2024-09-10
1504,2024-09-10
1505,2024-09-10
1506,2024-09-10
1507,2024-09-10
1508,2024-09-10
1509,2024-09-10
1510,2024-09-10
1511,2024-09-10
1512,2024-09-10
1513,2024-09-10
1514,2024-09-10
1515,2024-09-10
1516,2024-09-10
1517,2024-09-10
1518,2024-09-10
1519,2024-09-10
1520,2024-09-10
1521,2024-09-10
1522,2024-09-10
1523,2024-09-10
1524,2024-09-10
1525,2024-09-10
1526,2024-09-10
1527,2024-09-10
1528,2024-09-10
1529,2024-09-10
1530,2024-09-10
1531,2024-09-10
1532,2024-09-10
1533,2024-09-10
1534,2024-09-10
1535,2024-09-10
1536,2024-09-10
1537,2024-09-10
1538,2024-09-10
1539,2024-09-10
1540,2024-09-10
1541,2024-09-10
1542,2024-09-10
1543,2024-09-10
1544,2024-09-10
1545,2024-09-10
1546,2024-09-10
1547,2024-09-10
1548,2024-09-10
1549,2024-09-10
1550,2024-09-10
1551,2024-09-10
1552,2024-09-10
1553,2024-09-10
1554,2024-09-10
1555,2024-09-10
1556,2024-09-10
1557,2024-09-10
1558,2024-09-10
1559,2024-09-10
1560,2024-09-10
1561,2024-09-10
1562,2024-09-10
1563,2024-09-10
1564,2024-09-10
1565,2024-09-10
1566,2024-09-10
1567,2024-09-10
1568,2024-09-10
1569,2024-09-10
1570,2024-09-10
1571,2024-09-10
1572,2024-09-10
1573,2024-09-10
1574,2024-09-10
1575,2024-09-10
1576,2024-09-10
1577,2024-09-10
1578,2024-09-10
1579,2024-09-10
1580,2024-09-10
1581,2024-09-10
1582,2024-09-10
1583,2024-09-10
1584,2024-09-10
1585,2024-09-10
1586,2024-09-10
1587,2024-09-10
1588,2024-09-10
1589,2024-09-10
1590,2024-09-10
1591,2024-09-10
1592,2024-09-10
1593,2024-09-10
1594,2024-09-10
1595,2024-09-10
1596,2024-09-10
1597,2024-09-10
1598,2024-09-10
1599,2024-09-10
1600,2024-09-10
1601,2024-09-10
1602,2024-09-10
1603,2024-09-10
1604,2024-09-10
1605,2024-09-10
1606,2024-09-10
1607,2024-09-10
1608,2024-09-10
1609,2024-09-10
1610,2024-09-10
1611,2024-09-10
1612,2024-09-10
1613,2024-09-10
1614,2024-09-10
1615,2024-09-10
1616,2024-09-10
1617,2024-09-10
1618,2024-09-10
1619,2024-09-10
1620,2024-09-10
1621,2024-09-10
1622,2024-09-10
1623,2024-09-10
1624,2024-09-10
1625,2024-09-10
1626,2024-09-10
1627,2024-09-10
1628,2024-09-10
1629,2024-09-10
1630,2024-09-10
1631,2024-09-10
1632,2024-09-10
1633,2024-09-10
1634,2024-09-10
1635,2024-09-10
1636,2024-09-10
1637,2024-09-10
1638,2024-09-10
1639,2024-09-10
1640,2024-09-10
1641,2024-09-10
1642,2024-09-10
1643,2024-09-10
1644,2024-09-10
1645,2024-09-10
1646,2024-09-10
1647,2024-09-10
1648,2024-09-10
1649,2024-09-10
1650,2024-09-10
1651,2024-09-10
1652,2024-09-10
1653,2024-09-10
1654,2024-09-10
1655,2024-09-10
1656,2024-09-10
1657,2024-09-10
1658,2024-09-10
1659,2024-09-10
1660,2024-09-10
1661,2024-09-10
1662,2024-09-10
1663,2024-09-10
1664,2024-09-10
1665,2024-09-10
1666,2024-09-10
1667,2024-09-10
1668,2024-09-10
1669,2024-09-10
1670,2024-09-10
1671,2024-09-10
1672,2024-09-10
1673,2024-09-10
1674,2024-09-10
1675,2024-09-10
1676,2024-09-10
1677,2024-09-10
1678,2024-09-10
1679,2024-09-10
1680,2024-09-10
1681,2024-09-10
1682,2024-09-10
1683,2024-09-10
1684,2024-09-10
1685,2024-09-10
1686,2024-09-10
1687,2024-09-10
1688,2024-09-10
1689,2024-09-10
1690,2024-09-10
1691,2024-09-10
1692,2024-09-10
1693,2024-09-10
1694,2024-09-10
1695,2024-09-10
1696,2024-09-10
1697,2024-09-10
1698,2024-09-10
1699,2024-09-10
1700,2024-09-10
1701,2024-09-10
1702,2024-09-10
1703,2024-09-10
1704,2024-09-10
1705,2024-09-10
1706,2024-09-10
1707,2024-09-10
1708,2024-09-10
1709,2024-09-10
1710,2024-09-10
1711,2024-09-10
1712,2024-09-10
1713,2024-09-10
1714,2024-09-10
1715,2024-09-10
1716,2024-09-10
1717,2024-09-10
1718,2024-09-10
1719,2024-09-10
1720,2024-09-10
1721,2024-09-10
1722,2024-09-10
1723,2024-09-10
1724,2024-09-10
1725,2024-09-10
1726,2024-09-10
1727,2024-09-10
1728,2024-09-10
1729,2024-09-10
1730,2024-09-10
1731,2024-09-10
1732,2024-09-10
1733,2024-09-10
1734,2024-09-10
1735,2024-09-10
1736,2024-09-10
1737,2024-09-10
1738,2024-09-10
1739,2024-09-10
1740,2024-09-10
1741,2024-09-10
1742,2024-09-10
1743,2024-09-10
1744,2024-09-10
1745,2024-09-10
1746,2024-09-10
1747,2024-09-10
1748,2024-09-10
1749,2024-09-10
1750,2024-09-10
1751,2024-09-10
1752,2024-09-10
1753,2024-09-10
1754,2024-09-10
1755,2024-09-10
1756,2024-09-10
1757,2024-09-10
1758,2024-09-10
1759,2024-09-10
1760,2024-09-10
1761,2024-09-10
1762,2024-09-10
1763,2024-09-10
1764,2024-09-10
1765,2024-09-10
1766,2024-09-10
1767,2024-09-10
1768,2024-09-10
1769,2024-09-10
1770,2024-09-10
1771,2024-09-10
1772,2024-09-10
1773,2024-09-10
1774,2024-09-10
1775,2024-09-10
1776,2024-09-10
1777,2024-09-10
1778,2024-09-10
1779,2024-09-10
1780,2024-09-10
1781,2024-09-10
1782,2024-09-10
1783,2024-09-10
1784,2024-09-10
1785,2024-09-10
1786,2024-09-10
1787,2024-09-10
1788,2024-09-10
1789,2024-09-10
1790,2024-09-10
1791,2024-09-10
1792,2024-09-10
1793,2024-09-10
1794,2024-09-10
1795,2024-09-10
1796,2024-09-10
1797,2024-09-10
1798,2024-09-10
1799,2024-09-10
1800,2024-09-10
1801,2024-09-10
1802,2024-09-10
1803,2024-09-10
1804,2024-09-10
1805,2024-09-10
1806,2024-09-10
1807,2024-09-10
1808,2024-09-10
1809,2024-09-10
1810,2024-09-10
1811,2024-09-10
1812,2024-09-10
1813,2024-09-10
1814,2024-09-10
1815,2024-09-10
1816,2024-09-10
1817,2024-09-10
1818,2024-09-10
1819,2024-09-10
1820,2024-09-10
1821,2024-09-10
1822,2024-09-10
1823,2024-09-10
1824,2024-09-10
1825,2024-09-10
1826,2024-09-10
1827,2024-09-10
1828,2024-09-10
1829,2024-09-10
1830,2024-09-10
1831,2024-09-10
1832,2024-09-10
1833,2024-09-10
1834,2024-09-10
1835,2024-09-10
1836,2024-09-10
1837,2024-09-10
1838,2024-09-10
1839,2024-09-10
1840,2024-09-10
1841,2024-09-10
1842,2024-09-10
1843,2024-09-10
1844,2024-09-10
1845,2024-09-10
1846,2024-09-10
1847,2024-09-10
1848,2024-09-10
1849,2024-09-10
1850,2024-09-10
1851,2024-09-10
1852,2024-09-10
1853,2024-09-10
1854,2024-09-10
1855,2024-09-10
1856,2024-09-10
1857,2024-09-10
1858,2024-09-10
1859,2024-09-10
1860,2024-09-10
1861,2024-09-10
1862,2024-09-10
1863,2024-09-10
1864,2024-09-10
1865,2024-09-10
1866,2024-09-10
1867,2024-09-10
1868,2024-09-10
1869,2024-09-10
1870,2024-09-10
1871,2024-09-10
1872,2024-09-10
1873,2024-09-10
1874,2024-09-10
1875,2024-09-10
1876,2024-09-10
1877,2024-09-10
1878,2024-09-10
1879,2024-09-10
1880,2024-09-10
1881,2024-09-10
1882,2024-09-10
1883,2024-09-10
1884,2024-09-10
1885,2024-09-10
1886,2024-09-10
1887,2024-09-10
1888,2024-09-10
1889,2024-09-10
1890,2024-09-10
1891,2024-09-10
1892,2024-09-10
1893,2024-09-10
1894,2024-09-10
1895,2024-09-10
1896,2024-09-10
1897,2024-09-10
1898,2024-09-10
1899,2024-09-10
1900,2024-09-10
1901,2024-09-10
1902,2024-09-10
1903,2024-09-10
1904,2024-09-10
1905,2024-09-10
1906,2024-09-10
1907,2024-09-10
1908,2024-09-10
1909,2024-09-10
1910,2024-09-10
1911,2024-09-10
1912,2024-09-10
1913,2024-09-10
1914,2024-09-10
1915,2024-09-10
1916,2024-09-10
1917,2024-09-10
1918,2024-09-10
1919,2024-09-10
1920,2024-09-10
1921,2024-09-10
1922,2024-10-10
1923,2024-10-10
1924,2024-10-10
1925,2024-10-10
1926,2024-10-10
1927,2024-10-10
1928,2024-10-10
1929,2024-10-10
1930,2024-10-10
1931,2024-10-10
1932,2024-10-10
1933,2024-10-10
1934,2024-10-10
1935,2024-10-10
1936,2024-10-10
1937,2024-10-10
1938,2024-10-10
1939,2024-10-10
1940,2024-10-10
1941,2024-10-10
1942,2024-10-10
1943,2024-10-10
1944,2024-10-10
1945,2024-10-10
1946,2024-10-10
1947,2024-10-10
1948,2024-10-10
1949,2024-10-10
1950,2024-10-10
1951,2024-10-10
1952,2024-10-10
1953,2024-10-10
1954,2024-10-10
1955,2024-10-10
1956,2024-10-10
1957,2024-10-10
1958,2024-10-10
1959,2024-10-10
1960,2024-10-10
1961,2024-10-10
1962,2024-10-10
1963,2024-10-10
1964,2024-10-10
1965,2024-10-10
1966,2024-10-10
1967,2024-10-10
1968,2024-10-10
1969,2024-10-10
1970,2024-10-10
1971,2024-10-10
1972,2024-10-10
1973,2024-10-10
1974,2024-10-10
1975,2024-10-10
1976,2024-10-10
1977,2024-10-10
1978,2024-10-10
1979,2024-10-10
1980,2024-10-10
1981,2024-10-10
1982,2024-10-10
1983,2024-10-10
1984,2024-10-10
1985,2024-10-10
1986,2024-10-10
1987,2024-10-10
1988,2024-10-10
1989,2024-10-10
1990,2024-10-10
1991,2024-10-10
1992,2024-10-10
1993,2024-10-10
1994,2024-10-10
1995,2024-10-10
1996,2024-10-10
1997,2024-10-10
1998,2024-10-10
1999,2024-11-10
2000,2024-11-10
2001,2024-11-10
2002,2024-11-10
2003,2024-11-10
2004,2024-11-10
2005,2024-11-10
2006,2024-11-10
2007,2024-11-10
2008,2024-11-10
2009,2024-11-10
2010,2024-11-10
2011,2024-11-10
2012,2024-11-10
2013,2024-11-10
2014,2024-11-10
2015,2024-11-10
2016,2024-11-10
2017,2024-11-10
2018,2024-11-10
2019,2024-11-10
2020,2024-11-10
2021,2024-11-10
2022,2024-11-10
2023,2024-11-10
2024,2024-11-10
2025,2024-11-10
2026,2024-11-10
2027,2024-11-10
2028,2024-11-10
2029,2024-11-10
2030,2024-11-10
2031,2024-11-10
2032,2024-11-10
2033,2024-11-10
2034,2024-11-10
2035,2024-11-10
2036,2024-11-10
2037,2024-11-10
2038,2024-11-10
2039,2024-11-10
2040,2024-11-10
2041,2024-11-10
2042,2024-11-10
2043,2024-12-10
2044,2024-12-10
2045,2024-12-10
2046,2024-12-10
2047,2024-12-10
2048,2024-12-10
2049,2024-12-10
2050,2024-12-10
2051,2024-12-10
2052,2024-12-10
2053,2024-12-10
2054,2024-12-10
2055,2024-12-10
2056,2024-12-10
2057,2024-12-10
2058,2024-12-10
2059,2024-12-10
2060,2024-12-10
2061,2024-12-10
2062,2024-12-10
2063,2024-12-10
2064,2024-12-10
2065,2024-12-10
2066,2024-12-10
2067,2024-12-10
2068,2024-12-10
2069,2024-12-10
2070,2024-12-10
2071,2024-12-10
2072,2024-12-10
2073,2024-12-10
2074,2024-12-10
2075,2024-12-10
2076,2024-12-10
2077,2024-12-10
2078,2024-12-10
2079,2024-12-10
2080,2024-12-10
2081,2024-12-10
2082,2024-12-10
2083,2024-12-10
2084,2024-12-10
2085,2024-12-10
2086,2024-12-10
2087,2024-12-10
2088,2024-12-10
2089,2024-12-10
2090,2024-12-10
2091,2024-12-10
2092,2024-12-10
2093,2024-12-10
2094,2024-12-10
2095,2024-12-10
2096,2024-12-10
2097,2024-12-10
2098,2024-12-10
2099,2024-12-10
2100,2024-12-10
2101,2024-12-10
2102,2024-12-10
2103,2024-12-10
2104,2024-12-10
2105,2024-12-10
2106,2024-12-10
2107,2024-12-10
2108,2024-12-10
2109,2024-12-10
2110,2024-12-10
2111,2024-10-13
2112,2024-10-13
2113,2024-10-13
2114,2024-10-13
2115,2024-10-13
2116,2024-10-13
2117,2024-10-13
2118,2024-10-13
2119,2024-10-13
2120,2024-10-13
2121,2024-10-13
2122,2024-10-13
2123,2024-10-13
2124,2024-10-13
2125,2024-10-13
2126,2024-10-13
2127,2024-10-13
2128,2024-10-13
2129,2024-10-13
2130,2024-10-13
2131,2024-10-13
2132,2024-10-13
2133,2024-10-13
2134,2024-10-13
2135,2024-10-13
2136,2024-10-13
2137,2024-10-13
2138,2024-10-13
2139,2024-10-13
2140,2024-10-13
2141,2024-10-13
2142,2024-10-13
2143,2024-10-13
2144,2024-10-13
2145,2024-10-13
2146,2024-10-13
2147,2024-10-13
2148,2024-10-13
2149,2024-10-13
2150,2024-10-13
2151,2024-10-13
2152,2024-10-13
2153,2024-10-13
2154,2024-10-13
2155,2024-10-13
2156,2024-10-13
2157,2024-10-13
2158,2024-10-13
2159,2024-10-13
2160,2024-10-13
2161,2024-10-13
2162,2024-10-13
2163,2024-10-13
2164,2024-10-13
2165,2024-10-13
2166,2024-10-13
2167,2024-10-13
2168,2024-10-13
2169,2024-10-14
2170,2024-10-14
2171,2024-10-14
2172,2024-10-14
2173,2024-10-14
2174,2024-10-14
2175,2024-10-14
2176,2024-10-15
2177,2024-10-15
2178,2024-10-15
2179,2024-10-15
2180,2024-10-15
2181,2024-10-15
2182,2024-10-15
2183,2024-10-15
2184,2024-10-15
2185,2024-10-15
2186,2024-10-15
2187,2024-10-15
2188,2024-10-15
2189,2024-10-15
2190,2024-10-15
2191,2024-10-15
2192,2024-10-15
2193,2024-10-15
2194,2024-10-15
2195,2024-10-15
2196,2024-10-15
2197,2024-10-15
2198,2024-10-15
2199,2024-10-15
2200,2024-10-15
2201,2024-10-15
2202,2024-10-15
2203,2024-10-15
2204,2024-10-15
2205,2024-10-15
2206,2024-10-15
2207,2024-10-15
2208,2024-10-15
2209,2024-10-15
2210,2024-10-15
2211,2024-10-15
2212,2024-10-15
2213,2024-10-15
2214,2024-10-15
2215,2024-10-15
2216,2024-10-15
2217,2024-10-15
2218,2024-10-15
2219,2024-10-15
2220,2024-10-15
2221,2024-10-15
2222,2024-10-15
2223,2024-10-15
2224,2024-10-15
2225,2024-10-15
2226,2024-10-15
2227,2024-10-15
2228,2024-10-15
2229,2024-10-15
2230,2024-10-15
2231,2024-10-15
2232,2024-10-15
2233,2024-10-15
2234,2024-10-15
2235,2024-10-15
2236,2024-10-15
2237,2024-10-15
2238,2024-10-15
2239,2024-10-15
2240,2024-10-15
2241,2024-10-15
2242,2024-10-15
2243,2024-10-15
2244,2024-10-15
2245,2024-10-15
2246,2024-10-15
2247,2024-10-15
2248,2024-10-15
2249,2024-10-15
2250,2024-10-15
2251,2024-10-15
2252,2024-10-15
2253,2024-10-15
2254,2024-10-15
2255,2024-10-15
2256,2024-10-15
2257,2024-10-15
2258,2024-10-15
2259,2024-10-15
2260,2024-10-15
2261,2024-10-15
2262,2024-10-15
2263,2024-10-15
2264,2024-10-15
2265,2024-10-15
2266,2024-10-15
2267,2024-10-15
2268,2024-10-15
2269,2024-10-15
2270,2024-10-15
2271,2024-10-15
2272,2024-10-15
2273,2024-10-15
2274,2024-10-15
2275,2024-10-15
2276,2024-10-15
2277,2024-10-15
2278,2024-10-16
2279,2024-10-16
2280,2024-10-16
2281,2024-10-16
2282,2024-10-16
2283,2024-10-16
2284,2024-10-16
2285,2024-10-16
2286,2024-10-16
2287,2024-10-16
2288,2024-10-16
2289,2024-10-16
2290,2024-10-16
2291,2024-10-16
2292,2024-10-16
2293,2024-10-16
2294,2024-10-16
2295,2024-10-16
2296,2024-10-16
2297,2024-10-16
2298,2024-10-16
2299,2024-10-16
2300,2024-10-16
2301,2024-10-16
2302,2024-10-16
2303,2024-10-16
2304,2024-10-16
2305,2024-10-16
2306,2024-10-16
2307,2024-10-16
2308,2024-10-16
2309,2024-10-16
2310,2024-10-16
2311,2024-10-16
2312,2024-10-16
2313,2024-10-16
2314,2024-10-16
2315,2024-10-16
2316,2024-10-16
2317,2024-10-16
2318,2024-10-16
2319,2024-10-16
2320,2024-10-16
2321,2024-10-16
2322,2024-10-16
2323,2024-10-16
2324,2024-10-16
2325,2024-10-16
2326,2024-10-16
2327,2024-10-16
2328,2024-10-16
2329,2024-10-16
2330,2024-10-16
2331,2024-10-16
2332,2024-10-16
2333,2024-10-16
2334,2024-10-16
2335,2024-10-16
2336,2024-10-16
2337,2024-10-16
2338,2024-10-16
2339,2024-10-16
2340,2024-10-16
2341,2024-10-16
2342,2024-10-16
2343,2024-10-16
2344,2024-10-16
2345,2024-10-16
2346,2024-10-16
2347,2024-10-16
2348,2024-10-16
2349,2024-10-16
2350,2024-10-16
2351,2024-10-16
2352,2024-10-16
2353,2024-10-16
2354,2024-10-16
2355,2024-10-16
2356,2024-10-16
2357,2024-10-16
2358,2024-10-16
2359,2024-10-16
2360,2024-10-16
2361,2024-10-16
2362,2024-10-16
2363,2024-10-16
2364,2024-10-16
2365,2024-10-16
2366,2024-10-16
2367,2024-10-16
2368,2024-10-16
2369,2024-10-16
2370,2024-10-16
2371,2024-10-16
2372,2024-10-16
2373,2024-10-16
2374,2024-10-16
2375,2024-10-16
2376,2024-10-16
2377,2024-10-16
2378,2024-10-16
2379,2024-10-16
2380,2024-10-16
2381,2024-10-16
2382,2024-10-16
2383,2024-10-16
2384,2024-10-16
2385,2024-10-16
2386,2024-10-17
2387,2024-10-17
2388,2024-10-17
2389,2024-10-17
2390,2024-10-17
2391,2024-10-17
2392,2024-10-17
2393,2024-10-17
2394,2024-10-17
2395,2024-10-17
2396,2024-10-17
2397,2024-10-17
2398,2024-10-17
2399,2024-10-17
2400,2024-10-17
2401,2024-10-17
2402,2024-10-17
2403,2024-10-17
2404,2024-10-17
2405,2024-10-17
2406,2024-10-17
2407,2024-10-17
2408,2024-10-17
2409,2024-10-17
2410,2024-10-17
2411,2024-10-17
2412,2024-10-17
2413,2024-10-17
2414,2024-10-17
2415,2024-10-17
2416,2024-10-17
2417,2024-10-17
2418,2024-10-17
2419,2024-10-17
2420,2024-10-17
2421,2024-10-17
2422,2024-10-17
2423,2024-10-17
2424,2024-10-17
2425,2024-10-17
2426,2024-10-17
2427,2024-10-17
2428,2024-10-17
2429,2024-10-17
2430,2024-10-17
2431,2024-10-17
2432,2024-10-17
2433,2024-10-17
2434,2024-10-17
2435,2024-10-17
2436,2024-10-17
2437,2024-10-17
2438,2024-10-17
2439,2024-10-17
2440,2024-10-17
2441,2024-10-17
2442,2024-10-17
2443,2024-10-17
2444,2024-10-17
2445,2024-10-17
2446,2024-10-17
2447,2024-10-17
2448,2024-10-17
2449,2024-10-17
2450,2024-10-17
2451,2024-10-17
2452,2024-10-17
2453,2024-10-17
2454,2024-10-17
2455,2024-10-17
2456,2024-10-17
2457,2024-10-17
2458,2024-10-17
2459,2024-10-17
2460,2024-10-17
2461,2024-10-17
2462,2024-10-17
2463,2024-10-17
2464,2024-10-17
2465,2024-10-17
2466,2024-10-17
2467,2024-10-17
2468,2024-10-17
2469,2024-10-17
2470,2024-10-17
2471,2024-10-17
2472,2024-10-17
2473,2024-10-17
2474,2024-10-17
2475,2024-10-17
2476,2024-10-17
2477,2024-10-17
2478,2024-10-17
2479,2024-10-17
2480,2024-10-17
2481,2024-10-17
2482,2024-10-17
2483,2024-10-17
2484,2024-10-17
2485,2024-10-17
2486,2024-10-17
2487,2024-10-17
2488,2024-10-17
2489,2024-10-17
2490,2024-10-17
2491,2024-10-17
2492,2024-10-17
2493,2024-10-17
2494,2024-10-17
2495,2024-10-17
2496,2024-10-17
2497,2024-10-17
2498,2024-10-17
2499,2024-10-17
2500,2024-10-17
2501,2024-10-17
2502,2024-10-17
2503,2024-10-17
2504,2024-10-17
2505,2024-10-17
2506,2024-10-17
2507,2024-10-17
2508,2024-10-17
2509,2024-10-17
2510,2024-10-17
2511,2024-10-17
2512,2024-10-17
2513,2024-10-17
2514,2024-10-17
2515,2024-10-17
2516,2024-10-17
2517,2024-10-17
2518,2024-10-17
2519,2024-10-17
2520,2024-10-17
2521,2024-10-17
2522,2024-10-17
2523,2024-10-17
2524,2024-10-17
2525,2024-10-17
2526,2024-10-17
2527,2024-10-17
2528,2024-10-17
2529,2024-10-17
2530,2024-10-17
2531,2024-10-17
2532,2024-10-17
2533,2024-10-17
2534,2024-10-17
2535,2024-10-17
2536,2024-10-17
2537,2024-10-17
2538,2024-10-17
2539,2024-10-17
2540,2024-10-17
2541,2024-10-17
2542,2024-10-17
2543,2024-10-17
2544,2024-10-17
2545,2024-10-17
2546,2024-10-17
2547,2024-10-17
2548,2024-10-17
2549,2024-10-17
2550,2024-10-17
2551,2024-10-17
2552,2024-10-17
2553,2024-10-17
2554,2024-10-17
2555,2024-10-17
2556,2024-10-17
2557,2024-10-17
2558,2024-10-17
2559,2024-10-17
2560,2024-10-17
2561,2024-10-17
2562,2024-10-17
2563,2024-10-17
2564,2024-10-17
2565,2024-10-17
2566,2024-10-17
2567,2024-10-17
2568,2024-10-17
2569,2024-10-17
2570,2024-10-17
2571,2024-10-17
2572,2024-10-17
2573,2024-10-17
2574,2024-10-17
2575,2024-10-17
2576,2024-10-17
2577,2024-10-17
2578,2024-10-17
2579,2024-10-17
2580,2024-10-17
2581,2024-10-17
2582,2024-10-17
2583,2024-10-17
2584,2024-10-17
2585,2024-10-17
2586,2024-10-17
2587,2024-10-17
2588,2024-10-17
2589,2024-10-17
2590,2024-10-17
2591,2024-10-17
2592,2024-10-17
2593,2024-10-17
2594,2024-10-17
2595,2024-10-17
2596,2024-10-17
2597,2024-10-17
2598,2024-10-17
2599,2024-10-17
2600,2024-10-17
2601,2024-10-17
2602,2024-10-17
2603,2024-10-17
2604,2024-10-17
2605,2024-10-17
2606,2024-10-17
2607,2024-10-17
2608,2024-10-17
2609,2024-10-17
2610,2024-10-17
2611,2024-10-17
2612,2024-10-17
2613,2024-10-17
2614,2024-10-17
2615,2024-10-17
2616,2024-10-17
2617,2024-10-17
2618,2024-10-17
2619,2024-10-17
2620,2024-10-17
2621,2024-10-17
2622,2024-10-17
2623,2024-10-17
2624,2024-10-17
2625,2024-10-17
2626,2024-10-17
2627,2024-10-17
2628,2024-10-17
2629,2024-10-17
2630,2024-10-17
2631,2024-10-17
2632,2024-10-17
2633,2024-10-17
2634,2024-10-17
2635,2024-10-17
2636,2024-10-17
2637,2024-10-17
2638,2024-10-17
2639,2024-10-17
2640,2024-10-17
2641,2024-10-17
2642,2024-10-17
2643,2024-10-17
2644,2024-10-17
2645,2024-10-17
2646,2024-10-17
2647,2024-10-17
2648,2024-10-17
2649,2024-10-17
2650,2024-10-17
2651,2024-10-17
2652,2024-10-17
2653,2024-10-17
2654,2024-10-17
2655,2024-10-17
2656,2024-10-17
2657,2024-10-17
2658,2024-10-17
2659,2024-10-17
2660,2024-10-17
2661,2024-10-17
2662,2024-10-17
2663,2024-10-17
2664,2024-10-17
2665,2024-10-17
2666,2024-10-17
2667,2024-10-17
2668,2024-10-17
2669,2024-10-17
2670,2024-10-17
2671,2024-10-17
2672,2024-10-17
2673,2024-10-17
2674,2024-10-17
2675,2024-10-17
2676,2024-10-17
2677,2024-10-17
2678,2024-10-17
2679,2024-10-17
2680,2024-10-17
2681,2024-10-17
2682,2024-10-17
2683,2024-10-17
2684,2024-10-17
2685,2024-10-17
2686,2024-10-17
2687,2024-10-17
2688,2024-10-17
2689,2024-10-17
2690,2024-10-17
2691,2024-10-17
2692,2024-10-17
2693,2024-10-17
2694,2024-10-17
2695,2024-10-17
2696,2024-10-17
2697,2024-10-17
2698,2024-10-17
2699,2024-10-17
2700,2024-10-17
2701,2024-10-17
2702,2024-10-17
2703,2024-10-17
2704,2024-10-17
2705,2024-10-17
2706,2024-10-17
2707,2024-10-17
2708,2024-10-17
2709,2024-10-17
2710,2024-10-17
2711,2024-10-17
2712,2024-10-17
2713,2024-10-17
2714,2024-10-17
2715,2024-10-17
2716,2024-10-17
2717,2024-10-17
2718,2024-10-17
2719,2024-10-17
2720,2024-10-17
2721,2024-10-17
2722,2024-10-17
2723,2024-10-17
2724,2024-10-17
2725,2024-10-17
2726,2024-10-17
2727,2024-10-17
2728,2024-10-17
2729,2024-10-17
2730,2024-10-17
2731,2024-10-17
2732,2024-10-17
2733,2024-10-17
2734,2024-10-17
2735,2024-10-17
2736,2024-10-17
2737,2024-10-17
2738,2024-10-17
2739,2024-10-17
2740,2024-10-17
2741,2024-10-17
2742,2024-10-17
2743,2024-10-17
2744,2024-10-17
2745,2024-10-17
2746,2024-10-17
2747,2024-10-17
2748,2024-10-17
2749,2024-10-17
2750,2024-10-17
2751,2024-10-17
2752,2024-10-17
2753,2024-10-17
2754,2024-10-17
2755,2024-10-17
2756,2024-10-17
2757,2024-10-17
2758,2024-10-17
2759,2024-10-17
2760,2024-10-17
2761,2024-10-17
2762,2024-10-17
2763,2024-10-17
2764,2024-10-17
2765,2024-10-17
2766,2024-10-17
2767,2024-10-17
2768,2024-10-17
2769,2024-10-17
2770,2024-10-17
2771,2024-10-17
2772,2024-10-17
2773,2024-10-17
2774,2024-10-17
2775,2024-10-17
2776,2024-10-17
2777,2024-10-17
2778,2024-10-17
2779,2024-10-17
2780,2024-10-17
2781,2024-10-17
2782,2024-10-17
2783,2024-10-17
2784,2024-10-17
2785,2024-10-17
2786,2024-10-17
2787,2024-10-17
2788,2024-10-17
2789,2024-10-17
2790,2024-10-17
2791,2024-10-17
2792,2024-10-17
2793,2024-10-17
2794,2024-10-17
2795,2024-10-17
2796,2024-10-17
2797,2024-10-17
2798,2024-10-17
2799,2024-10-17
2800,2024-10-17
2801,2024-10-17
2802,2024-10-17
2803,2024-10-17
2804,2024-10-17
2805,2024-10-17
2806,2024-10-17
2807,2024-10-17
2808,2024-10-17
2809,2024-10-17
2810,2024-10-17
2811,2024-10-17
2812,2024-10-17
2813,2024-10-17
2814,2024-10-17
2815,2024-10-17
2816,2024-10-17
2817,2024-10-17
2818,2024-10-17
2819,2024-10-17
2820,2024-10-17
2821,2024-10-17
2822,2024-10-17
2823,2024-10-17
2824,2024-10-17
2825,2024-10-17
2826,2024-10-17
2827,2024-10-17
2828,2024-10-17
2829,2024-10-17
2830,2024-10-17
2831,2024-10-17
2832,2024-10-17
2833,2024-10-17
2834,2024-10-17
2835,2024-10-17
2836,2024-10-17
2837,2024-10-17
2838,2024-10-17
2839,2024-10-17
2840,2024-10-17
2841,2024-10-17
2842,2024-10-17
2843,2024-10-17
2844,2024-10-17
2845,2024-10-17
2846,2024-10-17
2847,2024-10-17
2848,2024-10-17
2849,2024-10-17
2850,2024-10-17
2851,2024-10-17
2852,2024-10-17
2853,2024-10-17
2854,2024-10-17
2855,2024-10-17
2856,2024-10-17
2857,2024-10-17
2858,2024-10-17
2859,2024-10-17
2860,2024-10-17
2861,2024-10-17
2862,2024-10-17
2863,2024-10-17
2864,2024-10-17
2865,2024-10-17
2866,2024-10-17
2867,2024-10-17
2868,2024-10-17
2869,2024-10-17
2870,2024-10-17
2871,2024-10-17
2872,2024-10-17
2873,2024-10-17
2874,2024-10-17
2875,2024-10-17
2876,2024-10-17
2877,2024-10-17
2878,2024-10-17
2879,2024-10-17
2880,2024-10-17
2881,2024-10-17
2882,2024-10-17
2883,2024-10-17
2884,2024-10-17
2885,2024-10-17
2886,2024-10-17
2887,2024-10-17
2888,2024-10-17
2889,2024-10-17
2890,2024-10-17
2891,2024-10-17
2892,2024-10-17
2893,2024-10-17
2894,2024-10-17
2895,2024-10-17
2896,2024-10-17
2897,2024-10-17
2898,2024-10-17
2899,2024-10-17
2900,2024-10-17
2901,2024-10-17
2902,2024-10-17
2903,2024-10-17
2904,2024-10-17
2905,2024-10-17
2906,2024-10-17
2907,2024-10-17
2908,2024-10-17
2909,2024-10-17
2910,2024-10-17
2911,2024-10-17
2912,2024-10-17
2913,2024-10-17
2914,2024-10-17
2915,2024-10-17
2916,2024-10-17
2917,2024-10-17
2918,2024-10-17
2919,2024-10-17
2920,2024-10-17
2921,2024-10-17
2922,2024-10-17
2923,2024-10-17
2924,2024-10-17
2925,2024-10-17
2926,2024-10-17
2927,2024-10-17
2928,2024-10-17
2929,2024-10-17
2930,2024-10-17
2931,2024-10-17
2932,2024-10-17
2933,2024-10-17
2934,2024-10-17
2935,2024-10-17
2936,2024-10-17
2937,2024-10-17
2938,2024-10-17
2939,2024-10-17
2940,2024-10-17
2941,2024-10-17
2942,2024-10-17
2943,2024-10-17
2944,2024-10-17
2945,2024-10-17
2946,2024-10-17
2947,2024-10-17
2948,2024-10-17
2949,2024-10-17
2950,2024-10-17
2951,2024-10-17
2952,2024-10-17
2953,2024-10-17
2954,2024-10-17
2955,2024-10-17
2956,2024-10-17
2957,2024-10-17
2958,2024-10-17
2959,2024-10-17
2960,2024-10-17
2961,2024-10-17
2962,2024-10-17
2963,2024-10-17
2964,2024-10-17
2965,2024-10-17
2966,2024-10-17
2967,2024-10-17
2968,2024-10-17
2969,2024-10-17
2970,2024-10-17
2971,2024-10-17
2972,2024-10-17
2973,2024-10-17
2974,2024-10-17
2975,2024-10-17
2976,2024-10-17
2977,2024-10-17
2978,2024-10-17
2979,2024-10-17
2980,2024-10-17
2981,2024-10-17
2982,2024-10-17
2983,2024-10-17
2984,2024-10-17
2985,2024-10-17
2986,2024-10-17
2987,2024-10-17
2988,2024-10-17
2989,2024-10-17
2990,2024-10-17
2991,2024-10-17
2992,2024-10-17
2993,2024-10-17
2994,2024-10-17
2995,2024-10-17
2996,2024-10-17
2997,2024-10-17
2998,2024-10-17
2999,2024-10-17
3000,2024-10-17
3001,2024-10-17
3002,2024-10-17
3003,2024-10-17
3004,2024-10-17
3005,2024-10-17
3006,2024-10-17
3007,2024-10-17
3008,2024-10-17
3009,2024-10-17
3010,2024-10-17
3011,2024-10-17
3012,2024-10-17
3013,2024-10-17
3014,2024-10-17
3015,2024-10-17
3016,2024-10-17
3017,2024-10-17
3018,2024-10-17
3019,2024-10-18
3020,2024-10-18
3021,2024-10-18
3022,2024-10-18
3023,2024-10-18
3024,2024-10-18
3025,2024-10-18
3026,2024-10-18
3027,2024-10-18
3028,2024-10-18
3029,2024-10-18
3030,2024-10-18
3031,2024-10-18
3032,2024-10-18
3033,2024-10-18
3034,2024-10-18
3035,2024-10-18
3036,2024-10-18
3037,2024-10-18
3038,2024-10-18
3039,2024-10-18
3040,2024-10-18
3041,2024-10-18
3042,2024-10-18
3043,2024-10-18
3044,2024-10-18
3045,2024-10-18
3046,2024-10-18
3047,2024-10-18
3048,2024-10-18
3049,2024-10-18
3050,2024-10-18
3051,2024-10-18
3052,2024-10-18
3053,2024-10-18
3054,2024-10-18
3055,2024-10-18
3056,2024-10-18
3057,2024-10-18
3058,2024-10-18
3059,2024-10-18
3060,2024-10-18
3061,2024-10-18
3062,2024-10-18
3063,2024-10-18
3064,2024-10-18
3065,2024-10-18
3066,2024-10-18
3067,2024-10-18
3068,2024-10-18
3069,2024-10-18
3070,2024-10-18
3071,2024-10-18
3072,2024-10-18
3073,2024-10-18
3074,2024-10-18
3075,2024-10-18
3076,2024-10-18
3077,2024-10-18
3078,2024-10-18
3079,2024-10-18
3080,2024-10-18
3081,2024-10-18
3082,2024-10-18
3083,2024-10-18
3084,2024-10-18
3085,2024-10-18
3086,2024-10-18
3087,2024-10-18
3088,2024-10-18
3089,2024-10-18
3090,2024-10-18
3091,2024-10-18
3092,2024-10-18
3093,2024-10-18
3094,2024-10-18
3095,2024-10-18
3096,2024-10-18
3097,2024-10-18
3098,2024-10-18
3099,2024-10-18
3100,2024-10-18
3101,2024-10-18
3102,2024-10-18
3103,2024-10-18
3104,2024-10-18
3105,2024-10-18
3106,2024-10-18
3107,2024-10-18
3108,2024-10-18
3109,2024-10-18
3110,2024-10-18
3111,2024-10-18
3112,2024-10-18
3113,2024-10-18
3114,2024-10-19
3115,2024-10-19
3116,2024-10-19
3117,2024-10-19
3118,2024-10-19
3119,2024-10-19
3120,2024-10-19
3121,2024-10-19
3122,2024-10-19
3123,2024-10-19
3124,2024-10-19
3125,2024-10-19
3126,2024-10-19
3127,2024-10-19
3128,2024-10-19
3129,2024-10-19
3130,2024-10-19
3131,2024-10-19
3132,2024-10-19
3133,2024-10-19
3134,2024-10-19
3135,2024-10-19
3136,2024-10-19
3137,2024-10-19
3138,2024-10-19
3139,2024-10-19
3140,2024-10-19
3141,2024-10-19
3142,2024-10-19
3143,2024-10-19
3144,2024-10-19
3145,2024-10-19
3146,2024-10-19
3147,2024-10-19
3148,2024-10-19
3149,2024-10-19
3150,2024-10-19
3151,2024-10-19
3152,2024-10-19
3153,2024-10-19
3154,2024-10-19
3155,2024-10-19
3156,2024-10-19
3157,2024-10-19
3158,2024-10-19
3159,2024-10-19
3160,2024-10-19
3161,2024-10-19
3162,2024-10-19
3163,2024-10-19
3164,2024-10-19
3165,2024-10-19
3166,2024-10-19
3167,2024-10-19
3168,2024-10-19
3169,2024-10-19
3170,2024-10-19
3171,2024-10-19
3172,2024-10-19
3173,2024-10-19
3174,2024-10-19
3175,2024-10-19
3176,2024-10-19
3177,2024-10-19
3178,2024-10-19
3179,2024-10-19
3180,2024-10-19
3181,2024-10-19
3182,2024-10-19
3183,2024-10-19
3184,2024-10-19
3185,2024-10-19
3186,2024-10-19
3187,2024-10-19
3188,2024-10-19
3189,2024-10-19
3190,2024-10-19
3191,2024-10-19
3192,2024-10-19
3193,2024-10-19
3194,2024-10-19
3195,2024-10-19
3196,2024-10-19
3197,2024-10-19
3198,2024-10-19
3199,2024-10-19
3200,2024-10-19
3201,2024-10-19
3202,2024-10-19
3203,2024-10-19
3204,2024-10-19
3205,2024-10-19
3206,2024-10-19
3207,2024-10-19
3208,2024-10-19
3209,2024-10-19
3210,2024-10-19
3211,2024-10-19
3212,2024-10-19
3213,2024-10-19
3214,2024-10-19
3215,2024-10-19
3216,2024-10-19
3217,2024-10-19
3218,2024-10-19
3219,2024-10-19
3220,2024-10-19
3221,2024-10-19
3222,2024-10-19
3223,2024-10-19
3224,2024-10-19
3225,2024-10-19
3226,2024-10-19
3227,2024-10-19
3228,2024-10-19
3229,2024-10-19
3230,2024-10-19
3231,2024-10-19
3232,2024-10-19
3233,2024-10-19
3234,2024-10-19
3235,2024-10-19
3236,2024-10-19
3237,2024-10-19
3238,2024-10-19
3239,2024-10-19
3240,2024-10-19
3241,2024-10-19
3242,2024-10-19
3243,2024-10-19
3244,2024-10-19
3245,2024-10-19
3246,2024-10-19
3247,2024-10-19
3248,2024-10-19
3249,2024-10-19
3250,2024-10-19
3251,2024-10-19
3252,2024-10-19
3253,2024-10-19
3254,2024-10-19
3255,2024-10-19
3256,2024-10-19
3257,2024-10-19
3258,2024-10-19
3259,2024-10-19
3260,2024-10-19
3261,2024-10-19
3262,2024-10-19
3263,2024-10-19
3264,2024-10-19
3265,2024-10-19
3266,2024-10-19
3267,2024-10-19
3268,2024-10-20
3269,2024-10-20
3270,2024-10-20
3271,2024-10-20
3272,2024-10-20
3273,2024-10-20
3274,2024-10-20
3275,2024-10-20
3276,2024-10-20
3277,2024-10-20
3278,2024-10-20
3279,2024-10-20
3280,2024-10-20
3281,2024-10-20
3282,2024-10-20
3283,2024-10-20
3284,2024-10-20
3285,2024-10-20
3286,2024-10-20
3287,2024-10-20
3288,2024-10-20
3289,2024-10-20
3290,2024-10-20
3291,2024-10-20
3292,2024-10-20
3293,2024-10-20
3294,2024-10-20
3295,2024-10-20
3296,2024-10-20
3297,2024-10-20
3298,2024-10-20
3299,2024-10-20
3300,2024-10-21
3301,2024-10-21
3302,2024-10-21
3303,2024-10-21
3304,2024-10-21
3305,2024-10-21
3306,2024-10-21
3307,2024-10-21
3308,2024-10-21
3309,2024-10-21
3310,2024-10-21
3311,2024-10-21
3312,2024-10-21
3313,2024-10-21
3314,2024-10-21
3315,2024-10-21
3316,2024-10-21
3317,2024-10-21
3318,2024-10-21
3319,2024-10-21
3320,2024-10-21
3321,2024-10-21
3322,2024-10-21
3323,2024-10-21
3324,2024-10-21
3325,2024-10-21
3326,2024-10-21
3327,2024-10-21
3328,2024-10-21
3329,2024-10-21
3330,2024-10-21
3331,2024-10-21
3332,2024-10-21
3333,2024-10-21
3334,2024-10-21
3335,2024-10-21
3336,2024-10-21
3337,2024-10-21
3338,2024-10-21
3339,2024-10-21
3340,2024-10-21
3341,2024-10-21
3342,2024-10-21
3343,2024-10-21
3344,2024-10-21
3345,2024-10-21
3346,2024-10-21
3347,2024-10-21
3348,2024-10-21
3349,2024-10-21
3350,2024-10-21
3351,2024-10-21
3352,2024-10-21
3353,2024-10-21
3354,2024-10-21
3355,2024-10-21
3356,2024-10-21
3357,2024-10-21
3358,2024-10-21
3359,2024-10-21
3360,2024-10-21
3361,2024-10-21
3362,2024-10-21
3363,2024-10-21
3364,2024-10-21
3365,2024-10-21
3366,2024-10-21
3367,2024-10-21
3368,2024-10-21
3369,2024-10-21
3370,2024-10-21
3371,2024-10-21
3372,2024-10-21
3373,2024-10-21
3374,2024-10-21
3375,2024-10-21
3376,2024-10-21
3377,2024-10-21
3378,2024-10-21
3379,2024-10-21
3380,2024-10-21
3381,2024-10-21
3382,2024-10-21
3383,2024-10-21
3384,2024-10-21
3385,2024-10-21
3386,2024-10-21
3387,2024-10-21
3388,2024-10-21
3389,2024-10-21
3390,2024-10-21
3391,2024-10-21
3392,2024-10-21
3393,2024-10-21
3394,2024-10-21
3395,2024-10-21
3396,2024-10-21
3397,2024-10-21
3398,2024-10-21
3399,2024-10-21
3400,2024-10-21
3401,2024-10-21
3402,2024-10-21
3403,2024-10-21
3404,2024-10-21
3405,2024-10-21
3406,2024-10-21
3407,2024-10-21
3408,2024-10-21
3409,2024-10-21
3410,2024-10-21
3411,2024-10-21
3412,2024-10-21
3413,2024-10-21
3414,2024-10-21
3415,2024-10-21
3416,2024-10-21
3417,2024-10-21
3418,2024-10-21
3419,2024-10-21
3420,2024-10-21
3421,2024-10-21
3422,2024-10-21
3423,2024-10-21
3424,2024-10-21
3425,2024-10-21
3426,2024-10-21
3427,2024-10-21
3428,2024-10-21
3429,2024-10-21
3430,2024-10-21
3431,2024-10-21
3432,2024-10-21
3433,2024-10-21
3434,2024-10-21
3435,2024-10-21
3436,2024-10-21
3437,2024-10-21
3438,2024-10-21
3439,2024-10-21
3440,2024-10-21
3441,2024-10-21
3442,2024-10-21
3443,2024-10-21
3444,2024-10-21
3445,2024-10-21
3446,2024-10-21
3447,2024-10-21
3448,2024-10-21
3449,2024-10-21
3450,2024-10-21
3451,2024-10-21
3452,2024-10-21
3453,2024-10-21
3454,2024-10-21
3455,2024-10-21
3456,2024-10-21
3457,2024-10-21
3458,2024-10-21
3459,2024-10-21
3460,2024-10-22
3461,2024-10-22
3462,2024-10-22
3463,2024-10-22
3464,2024-10-22
3465,2024-10-22
3466,2024-10-22
3467,2024-10-22
3468,2024-10-22
3469,2024-10-22
3470,2024-10-22
3471,2024-10-22
3472,2024-10-22
3473,2024-10-22
3474,2024-10-22
3475,2024-10-22
3476,2024-10-22
3477,2024-10-22
3478,2024-10-22
3479,2024-10-22
3480,2024-10-22
3481,2024-10-22
3482,2024-10-22
3483,2024-10-22
3484,2024-10-22
3485,2024-10-22
3486,2024-10-22
3487,2024-10-22
3488,2024-10-22
3489,2024-10-22
3490,2024-10-22
3491,2024-10-22
3492,2024-10-22
3493,2024-10-22
3494,2024-10-22
3495,2024-10-22
3496,2024-10-22
3497,2024-10-22
3498,2024-10-22
3499,2024-10-22
3500,2024-10-22
3501,2024-10-22
3502,2024-10-22
3503,2024-10-22
3504,2024-10-22
3505,2024-10-22
3506,2024-10-22
3507,2024-10-22
3508,2024-10-22
3509,2024-10-22
3510,2024-10-22
3511,2024-10-22
3512,2024-10-22
3513,2024-10-22
3514,2024-10-22
3515,2024-10-22
3516,2024-10-22
3517,2024-10-22
3518,2024-10-22
3519,2024-10-22
3520,2024-10-22
3521,2024-10-22
3522,2024-10-22
3523,2024-10-22
3524,2024-10-22
3525,2024-10-22
3526,2024-10-22
3527,2024-10-22
3528,2024-10-22
3529,2024-10-22
3530,2024-10-22
3531,2024-10-22
3532,2024-10-22
3533,2024-10-22
3534,2024-10-22
3535,2024-10-22
3536,2024-10-22
3537,2024-10-22
3538,2024-10-22
3539,2024-10-22
3540,2024-10-22
3541,2024-10-22
3542,2024-10-22
3543,2024-10-22
3544,2024-10-22
3545,2024-10-22
3546,2024-10-22
3547,2024-10-22
3548,2024-10-22
3549,2024-10-22
3550,2024-10-22
3551,2024-10-22
3552,2024-10-22
3553,2024-10-22
3554,2024-10-22
3555,2024-10-22
3556,2024-10-22
3557,2024-10-22
3558,2024-10-22
3559,2024-10-22
3560,2024-10-22
3561,2024-10-22
3562,2024-10-22
3563,2024-10-22
3564,2024-10-22
3565,2024-10-22
3566,2024-10-22
3567,2024-10-22
3568,2024-10-22
3569,2024-10-22
3570,2024-10-22
3571,2024-10-22
3572,2024-10-22
3573,2024-10-22
3574,2024-10-22
3575,2024-10-22
3576,2024-10-22
3577,2024-10-22
3578,2024-10-22
3579,2024-10-22
3580,2024-10-22
3581,2024-10-22
3582,2024-10-22
3583,2024-10-22
3584,2024-10-22
3585,2024-10-22
3586,2024-10-22
3587,2024-10-22
3588,2024-10-22
3589,2024-10-22
3590,2024-10-22
3591,2024-10-22
3592,2024-10-23
3593,2024-10-23
3594,2024-10-23
3595,2024-10-23
3596,2024-10-23
3597,2024-10-23
3598,2024-10-23
3599,2024-10-23
3600,2024-10-23
3601,2024-10-23
3602,2024-10-23
3603,2024-10-23
3604,2024-10-23
3605,2024-10-23
3606,2024-10-23
3607,2024-10-23
3608,2024-10-23
3609,2024-10-23
3610,2024-10-23
3611,2024-10-23
3612,2024-10-23
3613,2024-10-23
3614,2024-10-23
3615,2024-10-23
3616,2024-10-23
3617,2024-10-23
3618,2024-10-23
3619,2024-10-23
3620,2024-10-23
3621,2024-10-23
3622,2024-10-23
3623,2024-10-23
3624,2024-10-23
3625,2024-10-23
3626,2024-10-23
3627,2024-10-23
3628,2024-10-23
3629,2024-10-23
3630,2024-10-23
3631,2024-10-23
3632,2024-10-23
3633,2024-10-23
3634,2024-10-23
3635,2024-10-23
3636,2024-10-23
3637,2024-10-23
3638,2024-10-23
3639,2024-10-23
3640,2024-10-23
3641,2024-10-23
3642,2024-10-23
3643,2024-10-23
3644,2024-10-23
3645,2024-10-23
3646,2024-10-23
3647,2024-10-23
3648,2024-10-23
3649,2024-10-23
3650,2024-10-23
3651,2024-10-23
3652,2024-10-23
3653,2024-10-23
3654,2024-10-23
3655,2024-10-23
3656,2024-10-23
3657,2024-10-23
3658,2024-10-23
3659,2024-10-23
3660,2024-10-23
3661,2024-10-23
3662,2024-10-23
3663,2024-10-23
3664,2024-10-23
3665,2024-10-23
3666,2024-10-23
3667,2024-10-23
3668,2024-10-23
3669,2024-10-23
3670,2024-10-23
3671,2024-10-23
3672,2024-10-23
3673,2024-10-23
3674,2024-10-23
3675,2024-10-23
3676,2024-10-23
3677,2024-10-23
3678,2024-10-23
3679,2024-10-23
3680,2024-10-23
3681,2024-10-23
3682,2024-10-23
3683,2024-10-23
3684,2024-10-23
3685,2024-10-23
3686,2024-10-23
3687,2024-10-23
3688,2024-10-23
3689,2024-10-23
3690,2024-10-23
3691,2024-10-23
3692,2024-10-23
3693,2024-10-23
3694,2024-10-23
3695,2024-10-23
3696,2024-10-23
3697,2024-10-23
3698,2024-10-23
3699,2024-10-23
3700,2024-10-23
3701,2024-10-23
3702,2024-10-23
3703,2024-10-23
3704,2024-10-23
3705,2024-10-23
3706,2024-10-23
3707,2024-10-23
3708,2024-10-23
3709,2024-10-23
3710,2024-10-23
3711,2024-10-23
3712,2024-10-23
3713,2024-10-23
3714,2024-10-23
3715,2024-10-23
3716,2024-10-23
3717,2024-10-23
3718,2024-10-23
3719,2024-10-23
3720,2024-10-23
3721,2024-10-23
3722,2024-10-23
3723,2024-10-23
3724,2024-10-23
3725,2024-10-23
3726,2024-10-23
3727,2024-10-23
3728,2024-10-23
3729,2024-10-23
3730,2024-10-23
3731,2024-10-23
3732,2024-10-23
3733,2024-10-23
3734,2024-10-23
3735,2024-10-23
3736,2024-10-23
3737,2024-10-23
3738,2024-10-23
3739,2024-10-23
3740,2024-10-23
3741,2024-10-23
3742,2024-10-23
3743,2024-10-23
3744,2024-10-23
3745,2024-10-23
3746,2024-10-23
3747,2024-10-23
3748,2024-10-23
3749,2024-10-23
3750,2024-10-23
3751,2024-10-23
3752,2024-10-23
3753,2024-10-23
3754,2024-10-23
3755,2024-10-23
3756,2024-10-23
3757,2024-10-23
3758,2024-10-23
3759,2024-10-23
3760,2024-10-23
3761,2024-10-23
3762,2024-10-23
3763,2024-10-23
3764,2024-10-23
3765,2024-10-23
3766,2024-10-23
3767,2024-10-23
3768,2024-10-23
3769,2024-10-23
3770,2024-10-23
3771,2024-10-23
3772,2024-10-23
3773,2024-10-23
3774,2024-10-23
3775,2024-10-23
3776,2024-10-23
3777,2024-10-23
3778,2024-10-23
3779,2024-10-23
3780,2024-10-23
3781,2024-10-23
3782,2024-10-23
3783,2024-10-23
3784,2024-10-23
3785,2024-10-23
3786,2024-10-23
3787,2024-10-23
3788,2024-10-23
3789,2024-10-23
3790,2024-10-23
3791,2024-10-23
3792,2024-10-23
3793,2024-10-23
3794,2024-10-23
3795,2024-10-23
3796,2024-10-23
3797,2024-10-23
3798,2024-10-23
3799,2024-10-23
3800,2024-10-23
3801,2024-10-23
3802,2024-10-23
3803,2024-10-23
3804,2024-10-23
3805,2024-10-23
3806,2024-10-23
3807,2024-10-23
3808,2024-10-23
3809,2024-10-23
3810,2024-10-23
3811,2024-10-23
3812,2024-10-23
3813,2024-10-23
3814,2024-10-23
3815,2024-10-23
3816,2024-10-23
3817,2024-10-23
3818,2024-10-23
3819,2024-10-23
3820,2024-10-23
3821,2024-10-23
3822,2024-10-23
3823,2024-10-23
3824,2024-10-23
3825,2024-10-23
3826,2024-10-23
3827,2024-10-23
3828,2024-10-23
3829,2024-10-23
3830,2024-10-23
3831,2024-10-23
3832,2024-10-23
3833,2024-10-23
3834,2024-10-23
3835,2024-10-23
3836,2024-10-23
3837,2024-10-23
3838,2024-10-23
3839,2024-10-23
3840,2024-10-23
3841,2024-10-23
3842,2024-10-23
3843,2024-10-23
3844,2024-10-23
3845,2024-10-23
3846,2024-10-23
3847,2024-10-23
3848,2024-10-23
3849,2024-10-23
3850,2024-10-23
3851,2024-10-23
3852,2024-10-23
3853,2024-10-23
3854,2024-10-23
3855,2024-10-23
3856,2024-10-23
3857,2024-10-23
3858,2024-10-23
3859,2024-10-23
3860,2024-10-23
3861,2024-10-23
3862,2024-10-23
3863,2024-10-23
3864,2024-10-23
3865,2024-10-23
3866,2024-10-23
3867,2024-10-23
3868,2024-10-23
3869,2024-10-23
3870,2024-10-23
3871,2024-10-23
3872,2024-10-23
3873,2024-10-23
3874,2024-10-23
3875,2024-10-23
3876,2024-10-23
3877,2024-10-23
3878,2024-10-23
3879,2024-10-23
3880,2024-10-23
3881,2024-10-23
3882,2024-10-23
3883,2024-10-23
3884,2024-10-23
3885,2024-10-23
3886,2024-10-23
3887,2024-10-23
3888,2024-10-23
3889,2024-10-23
3890,2024-10-23
3891,2024-10-23
3892,2024-10-23
3893,2024-10-23
3894,2024-10-23
3895,2024-10-23
3896,2024-10-23
3897,2024-10-23
3898,2024-10-23
3899,2024-10-23
3900,2024-10-23
3901,2024-10-23
3902,2024-10-23
3903,2024-10-23
3904,2024-10-23
3905,2024-10-23
3906,2024-10-23
3907,2024-10-23
3908,2024-10-23
3909,2024-10-23
3910,2024-10-23
3911,2024-10-23
3912,2024-10-23
3913,2024-10-23
3914,2024-10-23
3915,2024-10-23
3916,2024-10-23
3917,2024-10-23
3918,2024-10-23
3919,2024-10-23
3920,2024-10-23
3921,2024-10-23
3922,2024-10-23
3923,2024-10-23
3924,2024-10-23
3925,2024-10-23
3926,2024-10-23
3927,2024-10-23
3928,2024-10-23
3929,2024-10-23
3930,2024-10-23
3931,2024-10-23
3932,2024-10-23
3933,2024-10-23
3934,2024-10-23
3935,2024-10-23
3936,2024-10-23
3937,2024-10-23
3938,2024-10-23
3939,2024-10-23
3940,2024-10-23
3941,2024-10-23
3942,2024-10-23
3943,2024-10-23
3944,2024-10-23
3945,2024-10-23
3946,2024-10-23
3947,2024-10-23
3948,2024-10-23
3949,2024-10-23
3950,2024-10-23
3951,2024-10-23
3952,2024-10-23
3953,2024-10-23
3954,2024-10-23
3955,2024-10-23
3956,2024-10-23
3957,2024-10-23
3958,2024-10-23
3959,2024-10-23
3960,2024-10-23
3961,2024-10-23
3962,2024-10-23
3963,2024-10-23
3964,2024-10-23
3965,2024-10-23
3966,2024-10-23
3967,2024-10-23
3968,2024-10-23
3969,2024-10-23
3970,2024-10-23
3971,2024-10-23
3972,2024-10-23
3973,2024-10-23
3974,2024-10-23
3975,2024-10-23
3976,2024-10-23
3977,2024-10-23
3978,2024-10-23
3979,2024-10-23
3980,2024-10-23
3981,2024-10-23
3982,2024-10-23
3983,2024-10-23
3984,2024-10-23
3985,2024-10-23
3986,2024-10-23
3987,2024-10-23
3988,2024-10-23
3989,2024-10-23
3990,2024-10-23
3991,2024-10-23
3992,2024-10-23
3993,2024-10-23
3994,2024-10-23
3995,2024-10-23
3996,2024-10-23
3997,2024-10-23
3998,2024-10-23
3999,2024-10-23
4000,2024-10-23
4001,2024-10-23
4002,2024-10-23
4003,2024-10-23
4004,2024-10-24
4005,2024-10-24
4006,2024-10-24
4007,2024-10-24
4008,2024-10-24
4009,2024-10-24
4010,2024-10-24
4011,2024-10-24
4012,2024-10-24
4013,2024-10-24
4014,2024-10-24
4015,2024-10-24
4016,2024-10-24
4017,2024-10-24
4018,2024-10-24
4019,2024-10-24
4020,2024-10-24
4021,2024-10-24
4022,2024-10-24
4023,2024-10-24
4024,2024-10-24
4025,2024-10-24
4026,2024-10-24
4027,2024-10-24
4028,2024-10-24
4029,2024-10-24
4030,2024-10-24
4031,2024-10-24
4032,2024-10-24
4033,2024-10-24
4034,2024-10-24
4035,2024-10-24
4036,2024-10-24
4037,2024-10-24
4038,2024-10-24
4039,2024-10-24
4040,2024-10-24
4041,2024-10-24
4042,2024-10-24
4043,2024-10-24
4044,2024-10-24
4045,2024-10-24
4046,2024-10-24
4047,2024-10-24
4048,2024-10-24
4049,2024-10-24
4050,2024-10-24
4051,2024-10-24
4052,2024-10-24
4053,2024-10-24
4054,2024-10-24
4055,2024-10-24
4056,2024-10-24
4057,2024-10-24
4058,2024-10-25
4059,2024-10-25
4060,2024-10-25
4061,2024-10-25
4062,2024-10-25
4063,2024-10-25
4064,2024-10-25
4065,2024-10-25
4066,2024-10-25
4067,2024-10-25
4068,2024-10-25
4069,2024-10-25
4070,2024-10-25
4071,2024-10-25
4072,2024-10-25
4073,2024-10-25
4074,2024-10-25
4075,2024-10-25
4076,2024-10-25
4077,2024-10-25
4078,2024-10-25
4079,2024-10-25
4080,2024-10-25
4081,2024-10-25
4082,2024-10-25
4083,2024-10-25
4084,2024-10-25
4085,2024-10-25
4086,2024-10-25
4087,2024-10-25
4088,2024-10-25
4089,2024-10-25
4090,2024-10-25
4091,2024-10-25
4092,2024-10-25
4093,2024-10-25
4094,2024-10-25
4095,2024-10-25
4096,2024-10-25
4097,2024-10-25
4098,2024-10-25
4099,2024-10-25
4100,2024-10-25
4101,2024-10-25
4102,2024-10-25
4103,2024-10-25
4104,2024-10-25
4105,2024-10-25
4106,2024-10-25
4107,2024-10-25
4108,2024-10-25
4109,2024-10-25
4110,2024-10-25
4111,2024-10-25
4112,2024-10-25
4113,2024-10-25
4114,2024-10-25
4115,2024-10-25
4116,2024-10-26
4117,2024-10-26
4118,2024-10-26
4119,2024-10-26
4120,2024-10-26
4121,2024-10-26
4122,2024-10-26
4123,2024-10-26
4124,2024-10-26
4125,2024-10-26
4126,2024-10-26
4127,2024-10-26
4128,2024-10-26
4129,2024-10-26
4130,2024-10-26
4131,2024-10-26
4132,2024-10-26
4133,2024-10-26
4134,2024-10-26
4135,2024-10-26
4136,2024-10-26
4137,2024-10-26
4138,2024-10-26
4139,2024-10-26
4140,2024-10-26
4141,2024-10-26
4142,2024-10-26
4143,2024-10-26
4144,2024-10-26
4145,2024-10-26
4146,2024-10-26
4147,2024-10-26
4148,2024-10-26
4149,2024-10-26
4150,2024-10-26
4151,2024-10-26
4152,2024-10-26
4153,2024-10-26
4154,2024-10-26
4155,2024-10-26
4156,2024-10-26
4157,2024-10-26
4158,2024-10-26
4159,2024-10-26
4160,2024-10-26
4161,2024-10-26
4162,2024-10-26
4163,2024-10-26
4164,2024-10-26
4165,2024-10-26
4166,2024-10-26
4167,2024-10-26
4168,2024-10-26
4169,2024-10-26
4170,2024-10-26
4171,2024-10-26
4172,2024-10-26
4173,2024-10-26
4174,2024-10-26
4175,2024-10-26
4176,2024-10-26
4177,2024-10-26
4178,2024-10-27
4179,2024-10-27
4180,2024-10-27
4181,2024-10-27
4182,2024-10-27
4183,2024-10-27
4184,2024-10-27
4185,2024-10-27
4186,2024-10-27
4187,2024-10-27
4188,2024-10-27
4189,2024-10-27
4190,2024-10-27
4191,2024-10-27
4192,2024-10-27
4193,2024-10-27
4194,2024-10-27
4195,2024-10-27
4196,2024-10-27
4197,2024-10-27
4198,2024-10-27
4199,2024-10-27
4200,2024-10-27
4201,2024-10-27
4202,2024-10-27
4203,2024-10-27
4204,2024-10-27
4205,2024-10-27
4206,2024-10-28
4207,2024-10-28
4208,2024-10-28
4209,2024-10-28
4210,2024-10-28
4211,2024-10-28
4212,2024-10-28
4213,2024-10-28
4214,2024-10-28
4215,2024-10-28
4216,2024-10-28
4217,2024-10-28
4218,2024-10-28
4219,2024-10-28
4220,2024-10-28
4221,2024-10-28
4222,2024-10-28
4223,2024-10-28
4224,2024-10-28
4225,2024-10-28
4226,2024-10-28
4227,2024-10-28
4228,2024-10-28
4229,2024-10-28
4230,2024-10-28
4231,2024-10-28
4232,2024-10-28
4233,2024-10-28
4234,2024-10-28
4235,2024-10-28
4236,2024-10-28
4237,2024-10-28
4238,2024-10-28
4239,2024-10-28
4240,2024-10-28
4241,2024-10-28
4242,2024-10-28
4243,2024-10-28
4244,2024-10-28
4245,2024-10-28
4246,2024-10-28
4247,2024-10-28
4248,2024-10-28
4249,2024-10-28
4250,2024-10-28
4251,2024-10-28
4252,2024-10-28
4253,2024-10-28
4254,2024-10-28
4255,2024-10-28
4256,2024-10-28
4257,2024-10-28
4258,2024-10-28
4259,2024-10-28
4260,2024-10-28
4261,2024-10-28
4262,2024-10-28
4263,2024-10-28
4264,2024-10-28
4265,2024-10-29
4266,2024-10-29
4267,2024-10-29
4268,2024-10-29
4269,2024-10-29
4270,2024-10-29
4271,2024-10-29
4272,2024-10-29
4273,2024-10-29
4274,2024-10-29
4275,2024-10-29
4276,2024-10-29
4277,2024-10-29
4278,2024-10-29
4279,2024-10-29
4280,2024-10-29
4281,2024-10-29
4282,2024-10-29
4283,2024-10-29
4284,2024-10-29
4285,2024-10-29
4286,2024-10-29
4287,2024-10-29
4288,2024-10-29
4289,2024-10-29
4290,2024-10-29
4291,2024-10-29
4292,2024-10-29
4293,2024-10-29
4294,2024-10-29
4295,2024-10-29
4296,2024-10-29
4297,2024-10-29
4298,2024-10-29
4299,2024-10-29
4300,2024-10-29
4301,2024-10-29
4302,2024-10-29
4303,2024-10-29
4304,2024-10-29
4305,2024-10-29
4306,2024-10-29
4307,2024-10-29
4308,2024-10-29
4309,2024-10-29
4310,2024-10-29
4311,2024-10-29
4312,2024-10-29
4313,2024-10-29
4314,2024-10-29
4315,2024-10-29
4316,2024-10-29
4317,2024-10-29
4318,2024-10-29
4319,2024-10-29
4320,2024-10-29
4321,2024-10-29
4322,2024-10-29
4323,2024-10-29
4324,2024-10-29
4325,2024-10-29
4326,2024-10-29
4327,2024-10-29
4328,2024-10-29
4329,2024-10-29
4330,2024-10-29
4331,2024-10-29
4332,2024-10-29
4333,2024-10-29
4334,2024-10-29
4335,2024-10-29
4336,2024-10-29
4337,2024-10-29
4338,2024-10-29
4339,2024-10-29
4340,2024-10-29
4341,2024-10-29
4342,2024-10-29
4343,2024-10-29
4344,2024-10-29
4345,2024-10-29
4346,2024-10-29
4347,2024-10-29
4348,2024-10-29
4349,2024-10-29
4350,2024-10-29
4351,2024-10-29
4352,2024-10-29
4353,2024-10-29
4354,2024-10-29
4355,2024-10-29
4356,2024-10-29
4357,2024-10-29
4358,2024-10-29
4359,2024-10-29
4360,2024-10-29
4361,2024-10-29
4362,2024-10-29
4363,2024-10-29
4364,2024-10-29
4365,2024-10-29
4366,2024-10-29
4367,2024-10-29
4368,2024-10-29
4369,2024-10-29
4370,2024-10-29
4371,2024-10-29
4372,2024-10-29
4373,2024-10-29
4374,2024-10-29
4375,2024-10-29
4376,2024-10-29
4377,2024-10-29
4378,2024-10-29
4379,2024-10-29
4380,2024-10-29
4381,2024-10-29
4382,2024-10-29
4383,2024-10-29
4384,2024-10-29
4385,2024-10-29
4386,2024-10-29
4387,2024-10-29
4388,2024-10-29
4389,2024-10-29
4390,2024-10-29
4391,2024-10-29
4392,2024-10-29
4393,2024-10-29
4394,2024-10-29
4395,2024-10-29
4396,2024-10-29
4397,2024-10-29
4398,2024-10-29
4399,2024-10-29
4400,2024-10-29
4401,2024-10-29
4402,2024-10-29
4403,2024-10-29
4404,2024-10-29
4405,2024-10-29
4406,2024-10-29
4407,2024-10-29
4408,2024-10-29
4409,2024-10-29
4410,2024-10-29
4411,2024-10-29
4412,2024-10-29
4413,2024-10-29
4414,2024-10-29
4415,2024-10-29
4416,2024-10-29
4417,2024-10-29
4418,2024-10-29
4419,2024-10-29
4420,2024-10-29
4421,2024-10-29
4422,2024-10-29
4423,2024-10-29
4424,2024-10-29
4425,2024-10-29
4426,2024-10-29
4427,2024-10-29
4428,2024-10-29
4429,2024-10-29
4430,2024-10-29
4431,2024-10-29
4432,2024-10-29
4433,2024-10-29
4434,2024-10-29
4435,2024-10-29
4436,2024-10-29
4437,2024-10-29
4438,2024-10-29
4439,2024-10-29
4440,2024-10-29
4441,2024-10-29
4442,2024-10-29
4443,2024-10-29
