Sim Number,count
8951101632863460000,4
5710150210,4
5710150250,3
57101502101,3
8951101639495748195,2
8951101630733494361,2
8951101630733494999,2
89571016023083315281,2
8934072400008557586,2
8951101639654937704,2
895712311,2
8957123112211414949,2
8934076700123356137,2
8951101630733547853,2
8957123312309015802,2
89571016023121575946,2
8951101632870695008,2
895110163090361075,2
895110163060142580,2
8951101630842402859,2
8951101632870695032,2
8951067022219913050,2
89511016,2
8951101632045962143,2
8951101632863468108,2
333333333333,2
8951101630601427287,2
57101502308,2
895712311221,2
8957123110,2
571015,2
8957123312309015430,2
5710110,2
8957123,2
5710150,2
8957123112,2
0000,2
8934071400005523939,2
0,2
8934076200000578234,1
8934076200000601010,1
8934076200000601028,1
8934076200012929763,1
8934076200002526769,1
8934075200004650261,1
8934075200004650659,1
8934076400014744067,1
0HW6,1
8934076200002539721,1
8934075200004651533,1
8934076500006276208,1
8934071200001024969,1
8934076200000589959,1
8934076200002528567,1
8934071200001025305,1
00000000,1
8934071200001025180,1
8934076200002527429,1
8934071200000948846,1
8934071200000969867,1
8934076200004336290,1
8934071200001476896,1
8934071200000951782,1
8934071200001476599,1
8934071200001476607,1
8934076200002521372,1
8934076200002527841,1
8934071200001282203,1
8934071200001272337,1
8934071200001272360,1
8934071500004915612,1
8934071400007067703,1
8934076500006276166,1
8934071400007069758,1
8934071400005523921,1
8952020524110557369,1
8934071200002855221,1
8934071200001588864,1
8934076200004338411,1
8934071200002855296,1
8934071200002855338,1
8934076200004339617,1
8934076200005016651,1
8934076200002540026,1
8934071200003847359,1
8934076200007154971,1
8934076200005018202,1
8934071200003853837,1
8934071200004321875,1
8934076200005921991,1
8934076200008196401,1
8934076200007176636,1
8934076200007154773,1
8934071500004915653,1
8934071400007190620,1
8934071400007069691,1
8934071400007069725,1
8934072400006875394,1
8934072400006950163,1
8934076500006276240,1
8934076500006276224,1
8934071400007065970,1
8934071500006042423,1
8952020312541359419,1
8934076200005921975,1
8934071200000905432,1
8952020613541562740,1
8952020314540785701,1
8934076200000601143,1
8952020012240030432,1
8952020313540761621,1
8952020313540761340,1
8952020313540761639,1
8952020613441551025,1
8952020514640339636,1
8952020514640339651,1
8952020514640339586,1
8952020914641026655,1
8952020012240030317,1
8952020914641026705,1
8952020012440578289,1
8934076200000578721,1
8952020914641026515,1
8934075200001756913,1
8934076200000808458,1
8934075200000723971,1
8934075200000723963,1
8934075200000727824,1
8952020014543057740,1
8952020514240283234,1
8934076200000808045,1
8934075200001757440,1
8952020013446185624,1
8952020616140038137,1
8952020011241889242,1
8934076200002528542,1
8934071200001608811,1
57101602312162527,1
57101602308330872,1
57101602308330867,1
57101602308330861,1
57101602604287782,1
57101602709643285,1
57101602709643287,1
57101602307593274,1
57101602307593271,1
57101602307593288,1
57101602307593287,1
57101602709643410,1
57101602709643407,1
8951101630733494353,1
8951101632863468017,1
57101502503055268,1
8934076400014744125,1
8934076400014744117,1
8934072200007369961,1
8934076200005921736,1
8934076500006276174,1
8934076500006276265,1
8934072200007369987,1
895110163087459799,1
895110163287069585,1
895110163073354820,1
895110163949574779,1
89571016023121621369,1
89571016023121625980,1
8957123111901536383,1
57101602303750897,1
89571016022057264624,1
89571015025030552529,1
89571016023121575664,1
89571016023121577355,1
89571016023121577447,1
89571016023121577454,1
89571016023121577561,1
89571016023121577686,1
57101602308331038,1
8957123112215348341,1
8957123112215340637,1
8957123112215340645,1
8957123112215341130,1
8957123112115871988,1
8957123112115871863,1
89011703278114789681,1
89011703278114789095,1
57101602312162530,1
57101602312161918,1
57101602312161937,1
57101602312162033,1
57101602312162041,1
57101602312162010,1
57101602312162006,1
57101602312161887,1
57101602312161892,1
57101602312161896,1
57101602312161900,1
57101602312161903,1
57101602312161851,1
57101602312161835,1
57101602312161839,1
57101602312162592,1
57101602308769662,1
89571015021078193441,1
57101602709643421,1
57101602307593783,1
8952020524110557377,1
8952020524110557328,1
8952020524110557401,1
8952020524110557310,1
8952020524110557393,1
8952020524110557336,1
8952020524110557260,1
8952020524110557385,1
8952020524110557351,1
8952020524110557344,1
57101602604287851,1
57101602604287852,1
57101602308331652,1
8957110502011316571,1
57101602307593774,1
89571016021086993534,1
57101602312162083,1
57101602308331036,1
57101602308331049,1
57101501810847739,1
895110163087459804,1
895110163087459809,1
895110163287069598,1
895110163087459803,1
895110163087459805,1
895110163287069682,1
895110163087459806,1
895110163287069597,1
895110163087459807,1
895110163087459808,1
895110163087459812,1
895110163287069484,1
895110163087459814,1
895110163287069488,1
895110163087459822,1
57101602308331642,1
57101602308331044,1
89571016021086999937,1
89571016023121626285,1
57101502101664113,1
57101602307593747,1
57101602307593794,1
57101602307593790,1
57101602307593789,1
57101602307593801,1
57101602308331505,1
8934076200012929656,1
8934076200012929672,1
57101502010087169,1
57101602308330736,1
57101602308331385,1
57101602308331374,1
57101602308331218,1
57101602308331192,1
57101602308331396,1
8951101630722079397,1
57101602303750992,1
57101602709643241,1
57101602709643244,1
57101602307593409,1
57101602709243134,1
8957123112215164318,1
57101502011286315,1
57101602312162206,1
57101602312162216,1
57101101402706463,1
57101602308331065,1
57101602709643268,1
895110163090361077,1
8951101630722079769,1
8951101630268080411,1
8951101630341085320,1
8957123411800053658,1
8934076700123355774,1
8934076200012929631,1
8934076200012929607,1
8934076200012929599,1
8934076200012929623,1
89571016021090725922,1
57101602308330892,1
57101602308330878,1
57101602709643328,1
57101602709643321,1
57101602709643315,1
57101602308331179,1
57101602709643170,1
8957123112215164086,1
8957123112215382753,1
8957123112215380534,1
8957123112215380989,1
8957123112215381003,1
8957123112215380997,1
8957123112215381052,1
8957123112215381136,1
8957123112215381060,1
8957123112215381078,1
8957123112215381011,1
8957123112215381029,1
8957123112215381086,1
8957123112215381151,1
8957123112215381094,1
8957123112215381169,1
8957123112215381045,1
8957123112215381102,1
8957123112215381110,1
8957123112215381144,1
8957123112215381128,1
57101602308331417,1
57101602308331161,1
57101602308331167,1
57101602308331159,1
57101602308331165,1
57101602709643269,1
57101602303735625,1
57101602308331169,1
57101602308331156,1
57101602308331160,1
57101602303735633,1
57101602502492280,1
57101602308331270,1
57101602308331085,1
57101602308331068,1
57101602308331069,1
57101602308331070,1
57101602308331168,1
57101602308331138,1
8957123112215383082,1
8957123112215383074,1
8957123112215383066,1
8957123112215383058,1
8957123112215383033,1
8957123112215383017,1
8957123112215383009,1
8957123112215382951,1
8957123112215382944,1
8957123112215382936,1
8957123112215382928,1
8957123112215382910,1
8957123112215382993,1
8957123112215382688,1
8957123112215382670,1
8957123112215382654,1
8957123112215382639,1
8957123112215382613,1
8957123112215382605,1
8957123112215382589,1
8957123112215382571,1
8957123112215380187,1
8957123112215380195,1
8957123112215380203,1
8957123112215380229,1
8957123112215380237,1
8957123112215380278,1
8957123112215380294,1
8957123112215380351,1
8957123112215380443,1
8957123112215380450,1
8957123112215380468,1
8957123112215380476,1
8957123112215380575,1
8957123112215380583,1
8957123112215380609,1
8957123112215380617,1
8957123112215380633,1
8957123112215380641,1
8957123112215380682,1
57101602604287772,1
89571016021090724529,1
57101602110690331,1
57101502501910402,1
89571016021090725120,1
57101602709643373,1
57101602709243124,1
57101602303750882,1
57101602308331514,1
895110163084243134,1
895110163087460889,1
895110163089521197,1
895110163089521186,1
895110163089521170,1
895110163089521193,1
895110163089521196,1
895110163089521173,1
895110163089521191,1
895110163089521180,1
57101602312162153,1
8951101632045962473,1
602608353915,1
57101602604287692,1
57101602604287643,1
57101602604287940,1
8957123112211418809,1
8957123112211418833,1
8951101630842401323,1
895110163287069550,1
8951101632870696105,1
895110163087459769,1
8951101630842402594,1
57101602709643443,1
895110163287069535,1
57101602303750980,1
89571016021086999960,1
57101502009525409,1
57101501810847137,1
57101502501910158,1
8957101602109072,1
8957123112215165844,1
8957123112215165786,1
8957123112211410954,1
57101602604287694,1
57101602308331198,1
895110163087459843,1
895110163087459868,1
57101602709243164,1
57101602308331188,1
57101602604287779,1
8934076200005921934,1
8934076400014744075,1
8934076500006276307,1
8934076500006276257,1
8934076500006276299,1
8934076700123355709,1
8934076700123355733,1
8934076700128212764,1
8957123112215164524,1
8957123112215165091,1
8957123112215164383,1
8957123112215383876,1
8957123112215383728,1
57101602709643276,1
895110163287069515,1
8951101632661803845,1
895110163983616226,1
895110163983616219,1
895110163287069631,1
895110163287069650,1
895110163983616228,1
895110163983616227,1
895110163287069625,1
895110163287069676,1
8957123112215168053,1
8957123112215163799,1
8957123112215161256,1
8957123112211411218,1
8957123112211412950,1
8957123112211418502,1
8957123112211417330,1
8957123112211416712,1
8957123112211416639,1
8957123112211417165,1
57101502006098216,1
57101502011987714,1
57101602604287644,1
57101602604287928,1
57101602502492430,1
57101602502492302,1
57101602502492415,1
8957123112215165109,1
57101602308331124,1
57101602308331119,1
8957123112211417314,1
8957123112211416688,1
8957123112211412992,1
8957123112211411952,1
8957123112211412091,1
8957123112211411960,1
8957123112211412018,1
8957123112211411861,1
8957123112211411879,1
8957123112211412901,1
8957123112211412919,1
8957123112211412935,1
8957123112211412968,1
8957123112211411911,1
8957123112211412984,1
8957123112211412927,1
8934072400008557594,1
57101602312157828,1
57101602308331658,1
57101602308331162,1
57101602308331136,1
57101602604287691,1
57101602604287788,1
57101602604287734,1
8934072200007369896,1
8934076700123356319,1
57101602709243353,1
57101602709243363,1
89571016023121578783,1
57101602709643430,1
57101702301747808,1
57101602604287801,1
57101602604287796,1
57101602604287792,1
57101602604287790,1
57101602604287789,1
57101602604287786,1
57101602604287785,1
57101602604287784,1
8934076200012929680,1
57101101506656351,1
89571016023121579187,1
89571016023121579336,1
57101602709243255,1
8951101630722078548,1
57101602308330893,1
895110163087460897,1
8957123112215384171,1
89571015025019102171,1
57101602308331126,1
57101602308330769,1
57101602308331654,1
57101602308331084,1
895110163074623620,1
8951101639590976394,1
895110163087459891,1
895110163287069505,1
895110163074623581,1
895110163074623532,1
895110163074623531,1
895110163074623530,1
895110163074623523,1
895110163074623515,1
895110163074623511,1
895110163087459817,1
8951101630341085106,1
8951101630268080338,1
8951101630842402065,1
8951101630842402016,1
895110163286346716,1
8951101630842401901,1
8951101630733548521,1
8951101632863454496,1
8957123112211415987,1
8957123112211419211,1
8957123112211411036,1
8957123112211411283,1
8957123112211410897,1
57101602308331152,1
57101602308330877,1
57101602709643386,1
57101602709643384,1
57101602709643383,1
57101602709643382,1
57101602709643381,1
57101602709643379,1
57101602709643378,1
57101602604287903,1
57101602709243128,1
57101602709643374,1
57101602709643350,1
57101602709643347,1
57101602709643346,1
57101602709643345,1
57101602709643365,1
57101602709643352,1
57101602709643353,1
57101602709643364,1
57101602709643357,1
57101602709643360,1
57101602709643361,1
57101602709643362,1
57101602604287704,1
57101602604287702,1
57101602604287701,1
57101602604287675,1
57101602604287674,1
57101602604287676,1
57101602604287678,1
57101602604287699,1
57101602604287698,1
57101602604287690,1
8957123112211411903,1
8957123112211410442,1
8957123112211412083,1
8957123112211412026,1
8957123112211412976,1
8957123112211411978,1
8957123112211411887,1
8957123112211411986,1
8957123112211411853,1
8957123112211411812,1
8957123112211413024,1
8957123112211411820,1
8957123112211411796,1
8957123112211412125,1
8957123112211412943,1
8957123112211412109,1
8957123112211413016,1
8957123112211411929,1
8957123112211413008,1
8957123112211411788,1
8957123112211417231,1
8957123112211415813,1
8957123112211418791,1
8957123112211416456,1
8957123112211416563,1
8957123112211415938,1
8957123112211416035,1
8957123112211416225,1
8957123112211416001,1
8957123112211417207,1
8957123112211417249,1
8957123112211416274,1
8957123112211416266,1
8957123112211415698,1
8957123112211416605,1
8957123112211415789,1
8957123112211416217,1
8957123112211417256,1
57101602604287749,1
57101602604287745,1
57101602709643327,1
57101602709643324,1
57101602709643323,1
57101602709643263,1
57101602709643284,1
57101602010525460,1
57101502501906694,1
89571016023121581431,1
89571016023121579716,1
8957101602108699686,1
57101602502492429,1
57101602709643408,1
57101602709643400,1
57101602709643397,1
57101602709643431,1
57101602604287841,1
57101602604287842,1
57101602604287843,1
57101602604287844,1
57101602604287845,1
57101602604287847,1
89571016026042878562,1
57101602709243304,1
57101602604287864,1
57101602604287861,1
57101602604287872,1
57101602604287870,1
57101602604287874,1
57101602604287875,1
57101602604287876,1
57101602604287877,1
57101602604287879,1
57101602604287882,1
57101602604287883,1
57101602604287873,1
57101602604287902,1
57101602604287909,1
57101602604287908,1
89571015025019101728,1
57101602312158139,1
57101502503054983,1
57101602709643164,1
57101602307593270,1
57101602307593292,1
57101602307593286,1
57101602307593299,1
57101602307593285,1
57101602307593323,1
57101602307593327,1
57101602307593321,1
57101602709643222,1
57101602709643223,1
57101602709643224,1
57101602307593313,1
57101602307593304,1
57101602307593302,1
57101602307593263,1
57101602307593255,1
57101602307593254,1
57101602307593256,1
57101602307593260,1
57101602307593261,1
57101602307593258,1
57101602307593253,1
57101602307593252,1
57101602709643462,1
57101602709643463,1
57101602709643464,1
57101602709643469,1
57101602709643471,1
57101602709643472,1
57101602709643175,1
57101602709643169,1
57101602709643168,1
57101602307593342,1
57101602709643162,1
57101602709643161,1
57101602709643160,1
57101602709643158,1
57101602709643156,1
57101602709643155,1
57101602709643153,1
57101602709643182,1
57101602709643183,1
57101602709643184,1
57101602709643185,1
57101602709643186,1
57101602709643187,1
57101602709643188,1
57101602709643189,1
57101602709643190,1
57101602709643191,1
57101602709643193,1
57101602709643194,1
57101602709643195,1
57101602709643197,1
57101602709643199,1
57101602709643198,1
57101602709643202,1
57101602709643201,1
57101602709643204,1
57101602709643206,1
57101602709643205,1
57101602709643203,1
57101602709643200,1
57101602709643207,1
57101602709643208,1
57101602709643209,1
57101602709643210,1
57101602709643211,1
57101602709643213,1
57101602709643214,1
57101602709643215,1
57101602709643216,1
57101602709643218,1
57101602709643220,1
57101602709643221,1
57101602709643230,1
57101602709643231,1
57101602709643232,1
57101602307593732,1
57101602307593737,1
57101602307593738,1
57101602307593743,1
57101602307593745,1
57101602307593748,1
57101602307593792,1
57101602307593788,1
57101602307593787,1
57101602307593786,1
57101602307593384,1
57101602307593395,1
57101602307593400,1
57101602307593410,1
57101602307593411,1
57101602709243333,1
57101602709243336,1
57101602709243337,1
57101602709243338,1
57101602709243357,1
57101602307593383,1
57101602709243205,1
57101602709243203,1
57101602709243196,1
57101602709643305,1
57101602308331282,1
895110163087459745,1
8951101639368466842,1
8951101630733547952,1
8951100312213726973,1
895110163287069661,1
895110163287069649,1
895110163287069624,1
895110163983616229,1
895110163983616218,1
895110163287069671,1
895110163090678853,1
895110163090678852,1
895110163090678197,1
895110163091333847,1
895110163091333714,1
895110163091333726,1
895110163091333710,1
895110163091333723,1
895110163091333736,1
57101602709243131,1
57101602709243130,1
57101702301747810,1
57101602709243366,1
57101702301747820,1
57101602604287671,1
8957123112215164292,1
8957123112215384023,1
8957123112215384114,1
8957123112215167337,1
8957123112215166867,1
8957123112215384031,1
8957123112215163062,1
8957123112215382019,1
8957123112215382001,1
895110163090361065,1
895110163090361046,1
895110163090361061,1
895110163090361048,1
89571016021090725112,1
57101602311631457,1
57101602709643311,1
57101602604287649,1
57101602604287803,1
57101602709643313,1
57101602709243139,1
57101602709643326,1
57101602307593744,1
57101602307593746,1
57101602303745206,1
8951101632863454819,1
8951100312213726957,1
8951101630726669219,1
895110163286346701,1
895110163084243130,1
895110163084243127,1
895110163084243118,1
895110163084243126,1
8951101639836162213,1
8957123112211416720,1
8957123112211415433,1
89571016021090720683,1
57101602308331336,1
8934072200007369946,1
8934076200012929581,1
57101502308897349,1
57101502101664084,1
8951101632863467282,1
895110163087459720,1
57101602308330773,1
57101602604287885,1
8957123112215167667,1
8957123112215167998,1
8951101630842402750,1
57101602307593751,1
8957123411800584074,1
89571015023088969794,1
57101602308331054,1
57101602308331063,1
57101602308331154,1
57101602308331134,1
57101602604287807,1
57101602709243183,1
57101602709243182,1
8951101630746236445,1
8951101630842401919,1
8951101639368353057,1
8951101632870696162,1
57101602308331230,1
57101602604287941,1
57101602604287775,1
57101502503054948,1
57101602709643376,1
57101602604287670,1
57101602308331693,1
57101602308331568,1
57101602308331564,1
57101602308331639,1
8951101639655658838,1
8957123312309015778,1
8957123112215383355,1
8957123112215383389,1
8957123112215165513,1
8957123112215383231,1
57101602604287728,1
57101602604287727,1
89571016026042876822,1
8957123312309015687,1
8957123312309015836,1
8957123312309015679,1
8957123312309015745,1
8957123312309015729,1
8957123312309015810,1
8957123312309015828,1
8957123312303872554,1
8957123112211416621,1
8957123312309015695,1
8957123312309015877,1
8957123312309015703,1
8957123312309015711,1
8957123312309015661,1
895110163287069531,1
895110163087459866,1
895110163087459842,1
895110163087459872,1
895110163087459712,1
895110163087459813,1
895110163084243128,1
895110163089521178,1
895110163089521192,1
895110163089521172,1
895110163089521184,1
895110163089521187,1
895110163287069675,1
895110163090677218,1
57101602308331517,1
57101602307593311,1
57101602307593277,1
57101602308331089,1
8957123112215165166,1
8957123112211412117,1
8957123112211415904,1
8957123112211416670,1
8957123112211418445,1
8957123112211415896,1
8957123112211418460,1
8957123112211418825,1
8957123112211415797,1
8957123112211415854,1
8957123112211416027,1
8957123411800049979,1
8957123112215380781,1
8957123112215380799,1
57101602709643342,1
57101602709643332,1
57101602010525564,1
57101602308331558,1
57101602502492366,1
57101602502492370,1
8957123112215161553,1
57101602308331164,1
57101602308330888,1
57101602308331237,1
57101602709643395,1
57101602709643392,1
57101602709643391,1
8951101630842402180,1
8951101630842402164,1
8951101630601427196,1
8951101630842402958,1
895110163087459860,1
8951101630726671033,1
57101602308331071,1
57101602308331077,1
57101602308331175,1
57101602308331174,1
57101602308331173,1
57101602308331172,1
57101602308331171,1
57101602308331137,1
57101602308331139,1
57101602308331140,1
57101602308331142,1
57101602308331143,1
57101602308331144,1
57101602308331145,1
57101602308331147,1
57101602308331133,1
57101602308331135,1
8957123112215382290,1
8957123112215382274,1
8957123112215382472,1
8957123112215382282,1
8957123112215382266,1
8957123112215382241,1
8957123112215382258,1
8957123112215382233,1
8957123112215382225,1
8957123112215382860,1
8957123112215382217,1
8957123112215382365,1
8957123112215382902,1
8957123112215382308,1
8957123112215382316,1
8957123112215382324,1
8957123112215382332,1
8957123112215382340,1
8957123112215382357,1
8957123112215382373,1
8957123112215382381,1
8957123112215382399,1
8957123112215382407,1
8957123112215382415,1
8957123112215382423,1
8957123112215382431,1
8957123112215382449,1
8957123112215382456,1
8957123112215382464,1
8957123112215382480,1
8957123112215382829,1
8957123112215382837,1
8957123112215382845,1
8957123112215382852,1
8957123112215382886,1
8957123112215382498,1
8957123112215382894,1
8957123112215382506,1
8957123112215382209,1
8957123112215382977,1
8957123112215382621,1
8957123112215383041,1
8957123112215382191,1
8957123112215383090,1
8957123112215382183,1
8957123112215383157,1
8957123112215383199,1
8957123112215383173,1
8957123112215383181,1
8957123112215383165,1
8957123112215383140,1
8957123112215383132,1
8957123112215383124,1
8957123112215383108,1
8957123112215383116,1
8957123112215383025,1
8957123112215382985,1
8957123112215382811,1
8957123112215382803,1
8957123112215382795,1
8957123112215382779,1
8957123112215382787,1
8957123112215382761,1
8957123112215382746,1
8957123112215382720,1
8957123112215382712,1
8957123112215382704,1
8957123112215382696,1
8957123112215382647,1
8957123112215382597,1
8957123112215382563,1
8957123112215382555,1
8957123112215382522,1
8957123112215382738,1
8957123112215380211,1
8957123112215380245,1
8957123112215380252,1
8957123112215380260,1
8957123112215380286,1
8957123112215380302,1
8957123112215380310,1
8957123112215380328,1
8957123112215380336,1
8957123112215380344,1
8957123112215380369,1
8957123112215380377,1
8957123112215380385,1
8957123112215380393,1
8957123112215380401,1
8957123112215380419,1
8957123112215380427,1
8957123112215380484,1
8957123112215380492,1
8957123112215380500,1
8957123112215380518,1
8957123112215380526,1
8957123112215380559,1
8957123112215380567,1
8957123112215380591,1
8957123112215380625,1
8957123112215380658,1
8957123112215380666,1
8957123112215380674,1
89571016023083315547,1
57101602308331310,1
57101602308331304,1
57101602303750943,1
57101602303750939,1
57101602303751031,1
57101602308331274,1
89571016023083314094,1
57101502403021346,1
895110163087459897,1
8951101639420035015,1
895110163087459883,1
895110163087459885,1
895110163286346724,1
895110163087459893,1
895110163287069648,1
895110163090361047,1
895110163090361063,1
8951101630733492225,1
895110163089521171,1
8951101632870696147,1
895110163287069556,1
895110163287069518,1
895110163287069554,1
895110163287069555,1
8951101630842402362,1
57101501912150951,1
8957101602312158,1
57101602604287642,1
895110163087459738,1
8951100220154275225F,1
8951101232023140927F,1
8951067022219913266,1
8951101632056294394,1
8951101332051348184,1
8951101630842402271,1
8951101432007306011,1
8951101639836162205,1
8951101630842402222,1
57101602709643394,1
57101602502492410,1
8957123112215166081,1
8957123112215164631,1
8957123112215383819,1
8957123112215165067,1
8957123112215380864,1
89571016021086993476,1
57101602311631462,1
57101602308331438,1
57101602709243138,1
8957123112215383777,1
8957123112215383579,1
57101602709243356,1
57101602604287703,1
57101602307593791,1
57101602308331057,1
89571016023121624850,1
8951101630601427212,1
57101602311631471,1
57101602312162122,1
57101602308331066,1
57101502308897591,1
57101602312162240,1
57101602604287853,1
89571016023121579211,1
57101602308331235,1
57101602308331203,1
57101602709643245,1
57101602709643246,1
57101602709643247,1
57101602307593398,1
89571015021125252182,1
8957101602307593880,1
8957123112115871970,1
8957123112215169614,1
89571016023121580557,1
8951101630341085346,1
895110163074623556,1
8951101630746235793,1
8951101232023140562,1
8951101630733490000,1
8951101630722079264,1
8951101632045963109,1
895110163090677224,1
895110163090677256,1
895110163090677255,1
895110163090677239,1
895110163090677234,1
895110163090677229,1
57101602312162551,1
8957101602109072472,1
8957123112215348895,1
8957123410521629309,1
895110163087459773,1
8951101630722078837,1
8951101630615258017,1
8951101632345407807,1
8951101630268080684,1
8951101630722079793,1
8951101630601426875,1
8951101639419943161,1
8951101632345407377,1
8951101630733494619,1
8951101632863468231,1
8951101632863467670,1
8951101630842401950,1
8951101632863468249,1
8951101632863467985,1
8951101632863468256,1
8951101630842401562,1
8951101632863468264,1
8951101630842402685,1
8951101632863468280,1
8951101632863467969,1
8951101630842402776,1
8951101630842402834,1
8951101632863467928,1
8951101630733548661,1
895110163286346710,1
8951101630842401570,1
8951101632784311692,1
8951101632345407229,1
8951101630620976561,1
8951101632630671950,1
8951101630620976777,1
8951101232023139762,1
8951101632046404459,1
8951101630842401067,1
8951101632863467696,1
8951101630842401638,1
8951101632863467787,1
8951101630842401075,1
8951101632863467720,1
8951101630842401646,1
895110163087459708,1
8951101632863467829,1
8951101630842401125,1
8951101632863467738,1
8951101630842401653,1
8951101632863468306,1
8951101630842401059,1
8951101632863467746,1
8951101630842401661,1
8951101632661804470,1
8951101632863467902,1
8951101630842401109,1
8951101632863467753,1
895110163087459710,1
8951101632863467886,1
8951101632863467761,1
8951101630842401687,1
8951101632863467845,1
8951101632863467779,1
8951101630842401695,1
8951101632863467795,1
8951101632863468132,1
8951101630842401703,1
8951101632863467977,1
8951101632863468272,1
8951101632863468140,1
8951101630842401489,1
8951101632863467910,1
246346346,1
895110163286346703,1
8951101632863467563,1
8951101632863468157,1
8951101630842401497,1
895110163286346704,1
8951101632863467613,1
8951101632863468165,1
8951101632863467704,1
8951101632863467605,1
8951101632863468173,1
8951101630842401513,1
895110163084240136,1
8951101632863467803,1
895110163286346705,1
564896451136515,1
8951101632863468181,1
8951101630842401521,1
895110163087459709,1
8951101632863467852,1
8951101632863467589,1
8951101632863468199,1
8951101630842401539,1
8951101630842402867,1
8934071100300976333,1
8951101632863467894,1
895110163286346708,1
8951101632863467571,1
8951101630842401547,1
8934071100300976846,1
8951101632863467951,1
8951101632863468215,1
8951101630842401554,1
8951101632863467712,1
895110163286346711,1
8951101630842402800,1
8951101632863468223,1
895110163286346713,1
8951101632863467944,1
8951101630842402719,1
895110163286346714,1
8951101630842402586,1
8951101632863467811,1
8951101630842402826,1
895110163286346715,1
8951101630842401042,1
895110163286346684,1
8951101632863467936,1
895110163087459714,1
8951101639305446295,1
895110163286346685,1
8951101632863467837,1
8951101630842401828,1
8951101639305445602,1
895110163286346717,1
895110163286346686,1
8951101632863467878,1
8951101632863468314,1
8951101630842401836,1
8951101630842402057,1
895120100300048291,1
895110163286346688,1
8951101632863468322,1
8951101630842401844,1
8951101632863468090,1
8951101630842402735,1
8951101632863468330,1
8951101630842401851,1
8951101630341085189,1
8951101632863468116,1
895110163286346690,1
8951101630842402701,1
8951101632863467639,1
8951101630842401604,1
895110163087459715,1
895110163286346721,1
8951101632863468298,1
8951101630842402628,1
8951101632863467654,1
8951101630842402784,1
8951101630268080668,1
895110163286346722,1
8951101630842401083,1
8951101632863467662,1
8951101630268080361,1
8951101632863467860,1
8951101630842401091,1
8951101632863467688,1
57101602709643453,1
57101602709643459,1
57101602308330714,1
57101502501910417,1
57101602308330936,1
57101602308330928,1
57101602308330922,1
57101602308330926,1
57101602308330915,1
57101602308330916,1
57101602308330909,1
57101602308330899,1
895110163087459743,1
57101602604287780,1
57101001302151016,1
8951101632870696048,1
57101602308331322,1
895110163090361056,1
57101602308330935,1
57101602709643356,1
895110163090676350,1
895110163286552386,1
868574042873229,1
895110163286552389,1
895110163286552388,1
895110163286552414,1
895110163286552413,1
895110163090678198,1
895110163090678916,1
57101602308331185,1
8957123112215383645,1
8957123112215383330,1
8957123112215383348,1
8957123112215383306,1
8957123112215383611,1
57101602502492431,1
895110163087459777,1
8934076400014744034,1
8934076400014744026,1
8934076200012929722,1
8934076200012929714,1
8934076400014743986,1
8934076200012929706,1
57101602709643396,1
895110163087459874,1
8951101632870695677,1
8951101630726669771,1
8951101630726669904,1
8951101630726669672,1
895110163286346707,1
895110163286346719,1
8951101632870696030,1
895110163073354791,1
895110163073354777,1
8951101630733547929,1
8951101630842400721,1
895110163087459764,1
895110163087459765,1
895110163087459766,1
895110163087459770,1
895110163087459772,1
8951101630722078365,1
895110163087459793,1
57101602604287914,1
57101602604287770,1
57101602709643159,1
57101602709643157,1
57101602709643181,1
57101602709643192,1
57101602709643212,1
57101602709643217,1
57101602709643233,1
57101602709243217,1
57101602709243222,1
57101602709243223,1
57101602709243210,1
57101602709243215,1
602608353940,1
602608353911,1
602709243140,1
602608353920,1
602608353919,1
602608353936,1
895110163090541351,1
895110163090541365,1
895110163090541348,1
895110163089521174,1
895110163089521189,1
895110163089521185,1
895110163090679839,1
895110163287069651,1
895110163287069664,1
895110163287069672,1
895110163286552410,1
895110163287069669,1
895110163287069652,1
895110163287069634,1
895110163287069658,1
895110163287069673,1
895110163286345451,1
895110163287069643,1
895110163287069645,1
895110163286345442,1
895110163287069662,1
895110163090676340,1
895110163090676336,1
8951101632630671869,1
895110163942003691,1
8951101639255142050,1
8951101639001743284,1
8951101639655659117,1
89571015025019101876,1
89571016023083315299,1
89571016023083316610,1
8957123112211415417,1
8957123112211415706,1
8957123112211415110,1
57101602502492432,1
8957123112211417215,1
89571016023121580789,1
57101602604287815,1
57101602303750880,1
57101602303750907,1
57101602308331020,1
57101602307593388,1
57101602308331261,1
89571015020060864829,1
57101602308331414,1
57101602307593757,1
57101602604287767,1
57101602604287766,1
57101602604287765,1
57101602604287759,1
57101602604287737,1
57101602308330894,1
89571015025019070956,1
57101602604287863,1
57101602604287868,1
57101602604287891,1
57101602709643177,1
895110163287069586,1
8951101639495748294,1
57101502503054921,1
895110163087460918,1
895110163087460907,1
895110163087460925,1
895110163087459706,1
895110163087459707,1
895110163087459829,1
8951101630746235025,1
895110163087459857,1
895110163287069568,1
895110163074623528,1
895110163087459726,1
895110163087459870,1
8951101630842402727,1
895110163286345456,1
8934071200001476847,1
8934076400014747706,1
8934076400011963843,1
8951101630746235348,1
895110163287069549,1
8951101632863467274,1
57101602709243137,1
57101602308331073,1
57101602308331076,1
57101602308331103,1
57101602308331101,1
57101602308331102,1
57101602308331099,1
57101602308331151,1
57101602308331146,1
57101602308330778,1
57101602308330766,1
57101602308330768,1
57101602308331107,1
57101602308331106,1
57101602308331104,1
57101602308330699,1
57101602308330765,1
57101602308330759,1
57101602308330763,1
57101602308330761,1
57101602308330746,1
57101602308330745,1
57101602308330747,1
57101602308330748,1
57101602308330749,1
57101602308330750,1
57101602308330751,1
57101602308330754,1
57101602308330753,1
57101602308330735,1
57101602308330737,1
57101602308330738,1
57101602308330739,1
57101602308330744,1
57101602308330742,1
57101602308330741,1
57101602308330740,1
57101602308330730,1
57101602308330729,1
57101602308330726,1
57101602308330734,1
57101602308330732,1
57101602308330728,1
57101602308330731,1
57101602308330727,1
57101602308330720,1
57101602308330721,1
57101602308330709,1
57101602308330710,1
57101602308330722,1
57101602308330723,1
57101602308330711,1
57101602308330712,1
57101602308330724,1
57101602308330713,1
57101602308330716,1
57101602308330717,1
57101602308330718,1
57101602308330719,1
57101602709643319,1
57101602308330702,1
57101602308330707,1
57101602308330701,1
57101602308330704,1
57101602308330706,1
57101602308330708,1
57101602308330705,1
57101602308330703,1
57101602308330934,1
57101602308330932,1
57101602308330931,1
57101602308330925,1
57101602308330923,1
57101602308330921,1
57101602308330764,1
57101602308330918,1
57101602308330919,1
57101602308330913,1
57101602308330904,1
57101602308330905,1
57101602308330908,1
57101602308330902,1
57101602308330901,1
57101602308330900,1
57101602709643330,1
57101602604287756,1
57101602604287920,1
8957101502011987709,1
57101602709243305,1
57101602308330884,1
57101602307593793,1
89571016023121576951,1
57101602604287846,1
57101602604287894,1
8952020524110557252,1
8952020023413626211,1
8952020023413626229,1
57101602709243339,1
57101602709243361,1
57101602709643176,1
89571016023121574964,1
57101602604287850,1
57101602308330725,1
57101602308330912,1
57101602604287800,1
57101602604287799,1
57101602604287733,1
57101602604287729,1
89571015024030213018,1
57101602308330875,1
57101602308330874,1
57101602308330868,1
57101602308330863,1
57101602308330860,1
57101602308330859,1
57101602604287939,1
57101602709643403,1
8951101632862882788,1
57101602308331575,1
8957101101510222537,1
57101602709243129,1
57101602709243167,1
57101602709243166,1
57101602709243165,1
602608353953,1
602608353913,1
895110163087459713,1
8957123112215348887,1
57101602308331774,1
57101602308331227,1
57101602604287763,1
57101602604287761,1
57101602604287760,1
57101602604287757,1
57101602604287753,1
57101602604287754,1
57101602604287752,1
57101602604287744,1
57101602604287741,1
57101602604287740,1
57101602308331567,1
89571015022011589299,1
8957123112211415078,1
8957123112215383686,1
8957123112215383249,1
8957123112215383454,1
8957123112215383603,1
8957123112215383462,1
8957123112211411895,1
8957123112211415680,1
8957123112211418817,1
8957123112211415771,1
8957123112211418783,1
895110163087459832,1
895110163087459845,1
895110163087459847,1
895110163087459844,1
895110163087459846,1
89571015020060977050,1
8951101630842401133,1
8951101639498973113,1
8951101632870694860,1
8951101639149424391,1
8951101630842402073,1
8951101632870694910,1
8951101632870694928,1
895110163060142658,1
895110163060142666,1
57101602604287687,1
57101602604287686,1
57101602709643369,1
57101602502492286,1
57101602709643348,1
57101602709643318,1
57101602709643317,1
89571016023121620353,1
89571016023121625998,1
57101602709643442,1
57101602709243135,1
57101602709243123,1
57101702301747817,1
57101602308331100,1
57101602307593273,1
89571015023088975239,1
57101602303750942,1
57101502011225344,1
57101602303751019,1
8951101632661804660,1
895110163286288254,1
895110163087459839,1
895110163087459796,1
8951101630722079637,1
8951101639419943591,1
8951067022219913175,1
8951101630842401869,1
8951101639368352711,1
8951101632056294634,1
8951101630341085098,1
8951101630620976124,1
8951101632863467373,1
895110163286346718,1
895110163287069532,1
895110163286346720,1
8951101630842401471,1
57101602308331232,1
8934076500006276182,1
8934075200004637631,1
8951101630746234986,1
57101602709643344,1
57101602307593276,1
8957123112211415912,1
57101602308331109,1
57101602308331105,1
57101602308330767,1
57101602307593736,1
57101602307593767,1
57101602307593768,1
57101602307593769,1
57101602307593770,1
57101602307593771,1
57101602307593778,1
57101602307593811,1
57101602307593810,1
57101602307593802,1
8934071100300968934,1
895110163286552404,1
8957123112211410962,1
57101602308331787,1
8957123311903278014,1
89571016023121576464,1
89571015021122229068,1
57101602308331255,1
57101602308331215,1
57101602308331094,1
57101602709643279,1
57101602604287738,1
57101602709643261,1
57101602709643262,1
57101602709643280,1
57101602604287915,1
57101602604287913,1
57101602604287829,1
57101602604287825,1
57101502112525167,1
57101602709643438,1
57101602709643441,1
123112211416340,1
57101602307593283,1
57101602709243127,1
57101602709243125,1
57101602709243141,1
57101602709243144,1
57101602709243145,1
57101602709243146,1
57101602709243190,1
57101602709243181,1
8957123312309015463,1
895110163087459725,1
57101702301747819,1
8951067022219913241,1
89571016023121577074,1
89571016022057260093,1
8957123112215165661,1
57101602308331538,1
57101602502492434,1
89571016023121577918,1
57101602308331129,1
57101602308331121,1
57101602308331116,1
57101602308331114,1
57101602308331113,1
57101602308331072,1
57101602709243260,1
57101602312162577,1
57101602312161850,1
8957101502101664075,1
57101602709643412,1
895110163287069561,1
57101101308431099,1
8957123110542478369,1
57101602308331502,1
57101602307593734,1
895110163087459785,1
57101602311631467,1
57101502403021341,1
57101602308331361,1
57101602604287838,1
57101602307593735,1
57101602307593740,1
57101602307593742,1
57101602308331245,1
8957123510615011122,1
57101602502492349,1
57101502011316798,1
57101602709643290,1
57101602307593269,1
57101602307593267,1
57101502011316790,1
57101602307593762,1
57101602307593764,1
57101602307593765,1
502011225361,1
57101602307593772,1
57101602307593773,1
8957123110545802128,1
57101702301747815,1
57101702301747813,1
57101702301747806,1
57101501810847148,1
89571015025019101835,1
89571016021086999838,1
89571016023121575110,1
89571016023121575136,1
89571015025019106636,1
57101602502492369,1
57101602709243158,1
57101602308769645,1
8957123112215383397,1
8957123112215383280,1
89571016022057259814,1
89571016020105253755,1
89571016023037356118,1
89571016023121619116,1
895110163287069639,1
8957123112211412000,1
57101602308330871,1
57101602709643325,1
57101602307593280,1
57101602307593279,1
57101602308331233,1
57101602308331097,1
8957123112215163864,1
57101602604287795,1
57101602312161975,1
57101602312162064,1
57101602308331062,1
57101602308330889,1
57101602308330887,1
57101602308330885,1
57101602308330882,1
57101602308330881,1
57101602308330880,1
57101602308330879,1
57101602308330876,1
57101602308330866,1
57101602308330862,1
57101602308330864,1
57101602604287695,1
57101602604287689,1
57101602604287688,1
57101602604287684,1
57101602604287661,1
57101602604287663,1
57101602604287666,1
57101602604287933,1
57101602604287926,1
57101602604287925,1
57101602604287922,1
57101602709643451,1
57101602709643452,1
57101602307593340,1
57101602604287773,1
57101602604287769,1
57101602308331719,1
57101602308331209,1
57101602308331335,1
895110163087459836,1
895110163090361086,1
57101602604287936,1
57101602308769598,1
57101602312162596,1
57101602308331797,1
895110163287069679,1
57101602308331210,1
57101602307593343,1
57101602604287693,1
895110163090676367,1
895110163090676366,1
895110163090676348,1
895110163090676351,1
895110163090676356,1
895110163090676357,1
895110163090676358,1
895110163090677244,1
895110163286552394,1
895110163286552393,1
895110163286552411,1
895110163286552409,1
895110163286552403,1
895110163286552391,1
895110163286552397,1
895110163286552377,1
895110163286552396,1
895110163286552384,1
57101602502492356,1
895110163087459724,1
895110163087459831,1
895110163087459815,1
895110163090679840,1
57101502009525466,1
57101101510955616,1
895110163983616224,1
895110163287069668,1
895110163287069667,1
895110163287069640,1
57101602308330895,1
57101602308331360,1
57101602709643358,1
895110163287069540,1
57101602308331158,1
8951101639255145194,1
8951101630842402438,1
895110163090677237,1
8951101632870696022,1
895110163090677226,1
89571016023121626277,1
57101501912150844,1
57101602307593259,1
57101602307593257,1
57101602307593262,1
57101602307593754,1
57101602709643466,1
57101602709643154,1
57101602709643196,1
57101602307593741,1
57101602307593753,1
57101602709643465,1
57101602307593756,1
57101602307593758,1
57101602307593391,1
57101602709243334,1
57101602709243341,1
57101602709243342,1
57101602709243343,1
57101602709243344,1
57101602709243345,1
57101602709243346,1
57101602709243347,1
57101602709243348,1
57101602709243349,1
57101602709243350,1
57101602709243355,1
57101702301747809,1
8934076200012929649,1
8934076500006276273,1
8934076700128212749,1
8934076500006252951,1
8934076400014747698,1
8951101632870695990,1
895110163087459721,1
895110163287069514,1
57101602303735629,1
89571016023121577157,1
8951101630842402552,1
8951101630842402545,1
8951101630842402495,1
8951101630842402487,1
57101602308331110,1
57101602709243163,1
895110163087459801,1
895110163087459790,1
895110163087459802,1
57101602709643427,1
57101001505059075,1
57101602308330771,1
57101602709643428,1
57101602709243147,1
57101602308331753,1
89571016023121577777,1
57101602308331278,1
8934076700123355790,1
895110163286552382,1
895110163286552405,1
57101101409879146,1
57101602709643316,1
895110163287069537,1
57101602709643371,1
57101602308331510,1
57101602308331735,1
57101602307593290,1
57101602709243176,1
57101602502492360,1
895110163087459848,1
895110163287069592,1
8951101630842401612,1
57101602709243216,1
602608353912,1
57101602307593763,1
57101602308331733,1
89571015021016640958,1
89571016023121579476,1
57101502006098026,1
57101602502492354,1
57101602308331286,1
57101502403021308,1
57101602604287777,1
8934076400014744497,1
8934076700123355717,1
57101602709643282,1
57101602709243246,1
57101602709643424,1
57101602303750955,1
89571015024030213927,1
57101602308769630,1
57101602308331081,1
8957123112215166974,1
8957123112215165489,1
57101602709243360,1
8934072200007369953,1
8957123112211416233,1
8957123112211415243,1
8957123112211415870,1
8957123112211411390,1
8957123112211419690,1
8957123112211417199,1
8934076500006276281,1
57101602604287748,1
57101602308331413,1
57101602604287746,1
8957123112215169945,1
57101602308331277,1
8957123112215340629,1
8957123112215340611,1
57101602308330775,1
8951101630842402644,1
57101602709243324,1
89571015018108476952,1
57101602604287921,1
57101602604287833,1
57101602709643448,1
57101602312162567,1
89571015020095255365,1
57101602709243136,1
57101502501910290,1
57101602308331163,1
57101602312161890,1
8957101502112525141,1
57101602308331369,1
57101602604287878,1
57101602709643426,1
57101602709243133,1
895110163087459834,1
895110163087459835,1
895110163087459840,1
8951101630698807565,1
895110163069880672,1
57101502101664070,1
89571016021106061098,1
57101602307593779,1
8957123112214854539,1
89571015025019103815,1
8957101101410355870,1
57101502101664132,1
57101602604287787,1
895110163087459810,1
895110163087459811,1
895110163087459800,1
895110163287069509,1
895110163287069522,1
8951101639419943989,1
895110163287069510,1
895110163287069512,1
895110163287069513,1
895110163287069520,1
895110163287069666,1
895110163286345458,1
895110163090676365,1
895110163090541332,1
895110163090541338,1
895110163090541342,1
895110163090541331,1
57101602604287673,1
895110163087459825,1
57101602312158190,1
57101602709243354,1
57101602308331649,1
57101602709643405,1
8934076200012929748,1
8934076700128212731,1
8934076700123356343,1
57101602307593272,1
57101602604287910,1
57101602308331087,1
895110163286345447,1
895110163286345443,1
8951101632870694902,1
8951101632870695958,1
8951101632870695933,1
895110163286345484,1
895110163286345483,1
895110163286345481,1
8951101632863467522,1
57101602312162090,1
57101602502492394,1
8957123112215167642,1
8957123112211410541,1
57101602308331190,1
89571016023083313955,1
57101602308331260,1
57101602308331095,1
57101602308331092,1
57101602308331090,1
57101602308331093,1
57101602308331023,1
57101602308331021,1
57101602308331019,1
57101602308331024,1
57101602308331027,1
57101602308331031,1
89571011014098791652,1
57101502101664129,1
89571015021078193896,1
57101101510222473,1
57101602308331034,1
57101602308331039,1
57101602308331040,1
57101602308331043,1
57101602308331045,1
57101602308331046,1
57101602308331047,1
57101602308331058,1
57101602308331125,1
57101602308331128,1
57101602308331130,1
57101602308331131,1
57101602604287730,1
57101602604287725,1
57101602604287720,1
57101602604287718,1
57101602604287716,1
57101602604287713,1
57101602604287712,1
57101602604287711,1
57101602604287709,1
57101602604287708,1
57101602604287706,1
57101602604287705,1
57101602604287679,1
57101602604287680,1
57101602604287681,1
8957123112211411770,1
8957123112211416159,1
8957123112211417272,1
8957123112211417264,1
8957123112211415847,1
8957123112211416548,1
8957123112211416654,1
8957123112211416019,1
8957123112211416142,1
8957123112211416068,1
8957123112211417223,1
8957123112211416647,1
8957123112211415821,1
8957123112211416241,1
8957123112211415656,1
8957123112211418726,1
8957123112211415763,1
8957123112211418494,1
8957123112211415631,1
8957123112211415714,1
8957123112211416704,1
8957123112211415946,1
8957123112211416431,1
8957123112211416282,1
8957123112211415995,1
8957123112211418478,1
8957123112211416258,1
8957123112211416449,1
8957123112211415730,1
8957123112211416696,1
8957123112211415805,1
8957123112211418775,1
8957123112211418734,1
8957123112211415888,1
8957123112211416613,1
8957123112211415920,1
8957123112211416423,1
8957123112211417306,1
8957123112211416316,1
8957123112211416589,1
8957123112211416332,1
8957123112211417298,1
8957123112211415748,1
8957123112211416571,1
57101602709643265,1
57101602709643298,1
57101602709643299,1
57101602709643300,1
57101602709643301,1
57101602709643302,1
57101602709643303,1
57101602709643310,1
57101602709643306,1
57101602709643304,1
57101502011316581,1
89571015021125252133,1
57101502101664074,1
57101502501910343,1
89571016023121576670,1
57101502011905869,1
57101602109072602,1
89571016023121576290,1
89571015021125251689,1
57101502101664068,1
57101602709643413,1
57101602709643409,1
57101602709643432,1
57101602709643458,1
57101602604287858,1
123112211416530,1
123112211418759,1
123112211416407,1
123112211415664,1
123112211416514,1
123112211416415,1
123112211416498,1
123112211416399,1
123112211416522,1
123112211415672,1
8957123112211417181,1
57101602604287867,1
57101602604287869,1
57101602604287892,1
57101602604287889,1
57101602604287893,1
57101602604287904,1
57101602604287897,1
57101602604287898,1
57101602604287907,1
57101602604287881,1
57101602604287887,1
57101602307593785,1
57101602709243186,1
57101602709243185,1
602709243170,1
123112211419583,1
123112211418171,1
8957123312309015638,1
8957123312309015612,1
8957123112211414923,1
123112211418601,1
8957123312309015646,1
8957123112211416357,1
8957123112211418510,1
8951101630722078530,1
8951101630733548323,1
895110163074623596,1
57101602010525429,1
89571016022057260721,1
8957123411800050175,1
57101602709243143,1
57101602709243173,1
57101602312158207,1
895110163090361043,1
57101602709643454,1
57101602604287831,1
57101602604287830,1
57101602308331048,1
57101602308330774,1
57101602709643435,1
57101502101664048,1
57101602308331217,1
57101602604287762,1
57101602308331148,1
57101602308769625,1
57101602604287771,1
57101602604287899,1
8957123112215383546,1
57101602308331115,1
57101602308331540,1
57101602709243307,1
57101602709243308,1
57101602709243310,1
57101602709243314,1
57101602709243315,1
57101602307593296,1
57101602307593298,1
57101602307593300,1
57101602307593294,1
57101602307593319,1
57101602307593316,1
57101602307593315,1
57101602307593303,1
57101602709643173,1
57101602709643172,1
57101602709643171,1
57101602307593339,1
57101602709643167,1
57101602709643165,1
57101602307593386,1
57101602307593385,1
57101602307593390,1
57101602709243351,1
895110163074623518,1
8951101630733494890,1
8951101630733549107,1
895110163090361074,1
895110163090361070,1
895110163090361064,1
895110163090361081,1
895110163090361080,1
895110163090361058,1
57101602308331088,1
57101602308331079,1
57101602308331178,1
57101602308331166,1
57101602307593284,1
57101602307593281,1
57101602307593322,1
57101602307593324,1
57101602307593330,1
57101602307593333,1
57101602307593338,1
57101602307593406,1
57101602604287931,1
57101602604287930,1
57101602604287929,1
57101602604287919,1
57101602604287804,1
57101602604287806,1
57101602604287808,1
57101602604287809,1
57101602604287810,1
57101602604287811,1
57101602604287812,1
57101602604287813,1
57101602604287814,1
57101602604287818,1
57101602604287819,1
57101602604287820,1
57101602604287821,1
57101602604287822,1
57101502501909910,1
8957101602312158082,1
57101602308331273,1
89571016023083314060,1
8951101639305446147,1
8957101502010087170,1
89571015022066505240,1
57101502403021214,1
8957123110542475837,1
57101602502492311,1
895110163286552385,1
895110163286552381,1
895110163286552402,1
895110163286552392,1
895110163286552387,1
895110163286552383,1
895110163286552379,1
895110163286552375,1
895110163286552406,1
895110163286552395,1
895110163286552380,1
895110163286552390,1
8957123112211415581,1
57101602709643368,1
89571015021016640347,1
57101602308331052,1
895110163087459902,1
895110163287069557,1
8951101630842401240,1
8951101630842400747,1
895110163087459896,1
8951101630842400671,1
8951101630842401299,1
8951101630842401505,1
8951101630842401216,1
8951101630842401232,1
8951101630842400689,1
895110163090676338,1
895110163090676337,1
895110163090677228,1
895110163090541378,1
57101602307593795,1
57101602308331082,1
57101602709243259,1
57101702301747811,1
895110163286288262,1
57101602308331060,1
57101602308330890,1
895110163287069660,1
895110163287069581,1
895110163287069584,1
895110163287069579,1
895110163287069582,1
895110163287069580,1
895110163287069583,1
895110163087321810,1
895110163087321822,1
895110163087321821,1
895110163087321824,1
895110163087321820,1
895110163087321823,1
57101602308331254,1
89571015025019070741,1
57101602308331197,1
57101602709643341,1
57101602604287677,1
895110163287069524,1
895110163087459798,1
895110163087459838,1
895110163087459816,1
895110163087459821,1
57101602709243309,1
57101602709243142,1
8957101502101664084,1
895110163087459704,1
57101502503055265,1
57101602604287707,1
8951101630842401158,1
57101602604287672,1
57101602308331285,1
57101602709643460,1
57101502101664118,1
895110163087459776,1
57101602308331539,1
57101602709643425,1
89571015021122229456,1
89571016023121580425,1
57101602709243189,1
895110163287069530,1
8934076400014744000,1
57101602709643370,1
57101602709643372,1
57101602709643449,1
57101602604287768,1
57101602502492438,1
57101602709643416,1
57101602709643437,1
57101602709643439,1
8951101630842401794,1
895110163087321808,1
895110163087321813,1
895110163087321812,1
895110163087321811,1
895110163087321806,1
895110163087321816,1
895110163087321817,1
895110163087321815,1
895110163087321825,1
57101602308331029,1
57101602308331083,1
89571015020015606218,1
89571015020113165687,1
57101602308331184,1
57101602312157919,1
89571016023121579658,1
8957101502201158910,1
57101602709643419,1
57101602709643418,1
57101602709643417,1
57101602709643415,1
57101602709643388,1
57101602709643387,1
57101602502492449,1
57101602709643422,1
57101602709643423,1
57101602709643433,1
57101602709643434,1
57101602709643444,1
57101602709643445,1
57101602308330758,1
895110163087459787,1
8951101632863467324,1
8951101632863467308,1
8951101630733547879,1
602709243117,1
57101602308331234,1
895110163287069534,1
8951101630746234762,1
895110163087459852,1
895110163087459867,1
8934076400014744505,1
89571016023121578635,1
89571016023121575524,1
57101602312158182,1
57101602709643314,1
895110163087459788,1
895110163087459789,1
8951101639368466925,1
895110163090676333,1
895110163286552400,1
8957123112215169580,1
57101602308331725,1
895110163087459851,1
895110163090361069,1
57101602308331155,1
57101602709243187,1
57101602709243184,1
57101602604287739,1
57101602604287747,1
57101602604287736,1
8934076200012929854,1
8934076200012929847,1
8934076200012929805,1
8934076200012929797,1
8934076200012929821,1
8934076200012929839,1
8934076200012929813,1
8934076200012929862,1
8934076400014747631,1
57101602308330924,1
8957123112211411838,1
57101602307593809,1
57101602307593808,1
57101602307593807,1
57101602307593806,1
57101602307593805,1
57101602307593803,1
57101602307593804,1
57101602307593798,1
57101602307593797,1
57101602307593780,1
57101602308331246,1
57101602709643450,1
895110163287069596,1
57101602308331457,1
8979878974484848,1
8934076200012929664,1
8934076400014744042,1
57101602308331075,1
57101602709643366,1
8957123112215161785,1
57101602307593749,1
57101602307593750,1
57101602604287827,1
8957123112215161694,1
89571016023121577124,1
8957123312309015786,1
57101602604287774,1
57101602709643470,1
895110163090361060,1
57101602604287764,1
57101602709243132,1
57101602709243148,1
8934072400006875576,1
8952020513340744129,1
8934076200012929789,1
8934072200007369912,1
8934071200001476441,1
8934072100260914810,1
57101602604287714,1
57101602604287916,1
57101602308331447,1
8951101632870694969,1
895110163286345441,1
8934076200008196823,1
8934076400014743994,1
8934076500006276216,1
8934076200012929730,1
8934076200012929698,1
8934076400014744018,1
8934076400014745346,1
8934076200007157461,1
8934076200008196625,1
8934076700123355725,1
8934076700123355741,1
8934076700123355758,1
8934076700123355782,1
8934076700128212921,1
8934076700128212756,1
57101602308331337,1
8957123112214854141,1
8957123112215348796,1
57101602303750996,1
8957123112215161,1
8957123112214855205,1
89571015020112253583,1
57101602010525538,1
89571016021106060926,1
8957123110545805907,1
8957123111415990043,1
8957123111901264416,1
8957123112214853937,1
57101502112332571,1
89571015020060980138,1
895710150250190,1
8957123112214855528,1
57101602205726065,1
89571016023121578205,1
57101602010525543,1
8957123112214854406,1
89571011015066675603,1
57101502006097708,1
89571015024030213513,1
8957123112215164599,1
8957123112215167477,1
8957123112215167527,1
8957123112215167568,1
8957123112215167618,1
8957123112215167535,1
8957123112215167626,1
8957123112215167758,1
8957101101506656323,1
8957123112215166230,1
57101502501910002,1
89571015025019066954,1
8957123510618891413,1
89571016022057260291,1
57101502107819332,1
89571016023037452438,1
89571016023037452693,1
89571015025019066913,1
57101602308330755,1
57101602308330743,1
57101501810847152,1
89571016023083308989,1
57101602308330937,1
57101602308330906,1
57101602308330897,1
57101602308330896,1
57101602308330883,1
57101602308330870,1
89571016023121576423,1
57101602312158169,1
57101602502492436,1
57101602502492439,1
57101602709643402,1
57101602604287859,1
57101602709643461,1
57101602709643468,1
57101602709643473,1
57101602709643174,1
57101602709643225,1
57101602709643226,1
57101602709643227,1
57101602709643228,1
57101602709643229,1
57101602709643234,1
89571016022057257545,1
89571015025030552586,1
8957123112215163682,1
57101502112332630,1
8957123112215160498,1
57101602709643375,1
57101602308330776,1
8951101630842402370,1
8951101630842402396,1
895110163084240240,1
57101602307593777,1
895110163287069523,1
57101602502492344,1
57101602307593752,1
602608353922,1
57101602709243179,1
57101602709243177,1
57101602709243169,1
57101602709243168,1
57101602709243162,1
57101602709243161,1
57101602709243160,1
57101602709243159,1
57101602709243157,1
57101602709243156,1
57101602709243155,1
8957101602010524967,1
57101602604287758,1
57101602604287755,1
57101602308331332,1
57101602604287855,1
57101502011987730,1
57101602709643389,1
57101602709643390,1
8957123312309015513,1
8957123312309015562,1
8957123112211416506,1
57101602709643404,1
57101602709643278,1
8934076200012929755,1
57101602709643363,1
57101602308331376,1
57101602308330777,1
57101602308331291,1
57101602307593394,1
895110163087459827,1
895110163087459876,1
57101602312161963,1
8934076200012929870,1
57101602604287724,1
57101602604287721,1
57101602308769609,1
57101602308769639,1
57101602604287655,1
57101602308331731,1
895110163090677248,1
895110163090677242,1
57101602604287794,1
57101602709643359,1
8951101632870696097,1
895110163087459828,1
895110163287069526,1
895110163087459879,1
895110163087459717,1
895110163287069507,1
895110163074623580,1
8951101630842402669,1
8951101630842402651,1
8951101630733494742,1
8951101639654937183,1
8951101630842401711,1
8951101630842401141,1
8951101630842402578,1
8951101630842402693,1
8951101630842401745,1
895110163286552401,1
895110163286552378,1
895110163286552376,1
8951101630842402388,1
57101602308330733,1
57101602604287778,1
57101602709643267,1
57101602709643283,1
57101602312161885,1
57101602308331170,1
8957123112211416555,1
89571016023121580904,1
8957123312309015471,1
8957123312309015448,1
8957123312309015869,1
8957123312309015364,1
8957123312309015505,1
8957123312309015497,1
8957123312309015547,1
89571016023037510284,1
57101602308331621,1
8957123112215161975,1
57101602308331677,1
57101602308331688,1
57101602308331691,1
1111111111111111111111,1
57101602308331701,1
57101602308331515,1
8957123112215168806,1
57101602308331586,1
57101602502492264,1
57101602308331025,1
57101602308331033,1
57101602308331051,1
57101602308331053,1
57101502503054986,1
57101602308331061,1
57101602308331067,1
57101602709643349,1
57101602709643354,1
57101602709643343,1
57101602604287669,1
57101602604287719,1
57101602604287715,1
57101602604287665,1
57101602604287657,1
57101602604287664,1
57101602604287651,1
57101602604287650,1
57101602604287937,1
57101602604287938,1
57101602604287802,1
57101602604287797,1
57101602604287798,1
57101602604287783,1
57101602709643336,1
57101602709643337,1
57101602709643338,1
57101602709643339,1
57101602709643335,1
57101602709643297,1
57101602709643331,1
57101602709643274,1
57101602709643277,1
57101602709643288,1
57101602709643289,1
57101602709643291,1
57101602709643292,1
57101602709643294,1
57101602709643309,1
57101602709643308,1
57101602709643307,1
57101602709643296,1
57101502501910426,1
57101502101664098,1
57101502101664051,1
57101502101664036,1
57101502101664039,1
57101502501910366,1
57104502201158728,1
57101602709643242,1
57101602709643243,1
57101602307593278,1
57101602604287645,1
57101602604287646,1
57101602604287648,1
57101602604287652,1
57101602604287653,1
57101602604287654,1
57101602604287656,1
57101602604287659,1
57101602604287660,1
57101602604287662,1
57101602604287667,1
57101602604287668,1
57101602604287935,1
57101602604287934,1
57101602604287924,1
57101602604287923,1
57101602604287917,1
57101602307593775,1
57101602307593776,1
57101602709243171,1
602608353946,1
602608353935,1
602608353934,1
57101602307593782,1
57101602604287731,1
57101602604287722,1
57101602604287685,1
895110163087460890,1
895110163087460888,1
895110163087460926,1
895110163084243141,1
8934076400011966556,1
89571016023121580300,1
89571016023075933125,1
57101602709243126,1
8957123112215161264,1
8957123112215161249,1
8957123112215161207,1
89571016022057264632,1
8957123112215160225,1
895110163087459774,1
895110163087459795,1
8951101630842402677,1
8951101632863467431,1
8951100320136215578,1
8951101639368353305,1
8951101632863467456,1
8951101632870694977,1
8951101630601426180,1
895110163286288255,1
895110163287069516,1
895110163287069517,1
895110163087459716,1
8951101632863467415,1
8951101632870694985,1
8951101632870696238,1
895110163087459892,1
8951101632863467423,1
8951101630620976298,1
8951101630842402024,1
8951101632863467233,1
57101602709643264,1
57101602709643293,1
8951101630722078324,1
895110163983616211,1
895110163983616210,1
895110163983616208,1
895110163983616215,1
895110163983616213,1
895110163087460913,1
895110163074623521,1
895110163090676342,1
868574042906540,1
57101602308331583,1
895710160231215,1
57101602308331580,1
57101602312161965,1
89571016023121575367,1
895110163087459833,1
895110163087459837,1
602608353932,1
602608353937,1
602608353938,1
602608353939,1
602608353943,1
602608353945,1
602608353947,1
602608353950,1
602608353955,1
602608353916,1
602608353925,1
602608353924,1
602608353923,1
602608353918,1
89571016022057260143,1
8957123112215165273,1
8957123112215382100,1
8951101630842401596,1
8951101630842401455,1
8951067022219915121,1
8951101630842401620,1
868574042914148,1
8951101632870694944,1
8951100129124107774F,1
8951101639305446006,1
8951101632870694837,1
57101602709643446,1
8934076400014744059,1
57101602308331177,1
8957123112215170075,1
57101602308331269,1
57101602308330927,1
57101602308330911,1
602608353944,1
57101602303750937,1
57101602312162154,1
89571015020011234668,1
57101602308330756,1
57101602308330762,1
57101602308330760,1
57101502011905880,1
57101602308330938,1
57101602308330930,1
57101602308330929,1
57101602308330907,1
57101602308330910,1
57101602709643329,1
57101602307593268,1
57101602308331697,1
57101602604287683,1
57101602709643351,1
57101502101664091,1
57101602308331150,1
57101502101664061,1
57101502009525501,1
89571015025019105992,1
57101602709643271,1
57101602709643272,1
57101602709643275,1
57101502501910571,1
57101602307593781,1
57101602604287743,1
57101602604287735,1
8951101630726670647,1
8951101630726671041,1
895110163087459757,1
895110163060142645,1
895110163087459871,1
895110163087459878,1
895110163087459792,1
895110163087459864,1
895110163087459865,1
8951101632870694993,1
8951101630842401943,1
8951101630842400978,1
57101602709643385,1
57101602604287700,1
8957123112211411994,1
895110163087459900,1
895110163087459826,1
895110163087459863,1
895110163087459723,1
895110163087459890,1
895110163087459894,1
895110163090677247,1
895110163090677251,1
8957101602312157832,1
57101602709243266,1
57101602308331803,1
57101602307593291,1
89571015023088973242,1
89571016022057264657,1
57101501708094589,1
895110163087460924,1
895110163087460921,1
895110163087460916,1
895110163087460915,1
895110163087460910,1
895110163087460912,1
895110163087460922,1
895110163087460909,1
895110163087460919,1
895110163087460920,1
895110163087460887,1
895110163087460902,1
57101602709643334,1
57101602307593297,1
89571015020095254616,1
57101602307593796,1
895110163925514594,1
895110163087459849,1
895110163087459854,1
8951067022219913639,1
8951067022219915170,1
57101602308331507,1
89571016023121574568,1
57101602308769583c,1
8957123112215165638,1
57101602308331676,1
8957123112215383520,1
57101602312157455,1
57101602604287840,1
57101602308331351,1
57101602308331467,1
89571015024030212986,1
89571015024030213208,1
57101502501910341,1
8957123112215164466,1
57101502009525502,1
8957123112215340231,1
57101602312161894,1
57101602308331127,1
57101602308331111,1
57101602308330772,1
57101602312157746,1
57101602709643414,1
57101602709643456,1
57101602709643457,1
123112211416365,1
123112211418742,1
57101602308331443,1
57101502308897576,1
57101502403021295,1
57101602308331440,1
57101602308331715,1
895110163287069527,1
895110163087459711,1
895110163087459741,1
895110163087459719,1
57101502101664925,1
57101502101664921,1
57101502101664920,1
57101502101664918,1
57101502101664917,1
57101502101664915,1
57101502101664912,1
57101502101664911,1
57101502101664909,1
57101502101664907,1
57101502101664906,1
57101502101664904,1
57101502101664902,1
8957123112215163658,1
57101502101664896,1
57101502101664895,1
57101602312162312,1
57101502101664928,1
89571016023121575698,1
57101502101664926,1
89571015022011587798,1
89571016023121574980,1
89571015020095296187,1
57101602604287900,1
57101602604287901,1
89571015022011589380,1
8957123112215383868,1
8957123112215383835,1
8951101630842402032,1
895110163087460911,1
895110163087460899,1
895110163087460904,1
895110163087460903,1
895110163087460901,1
895110163087460892,1
895110163087460894,1
895110163087460906,1
895110163084243120,1
895110163084243121,1
895110163084243136,1
895110163084243133,1
895110163084243132,1
895110163084243131,1
895110163084243125,1
895110163087460891,1
895110163087460893,1
895110163084243140,1
895110163084243138,1
895110163084243139,1
895110163084243143,1
895110163087460908,1
895110163089521177,1
895110163089521183,1
895110163090677202,1
895110163090677230,1
895110163090677219,1
895110163090677215,1
895110163090677214,1
895110163090677212,1
895110163090677225,1
895110163090677217,1
895110163090677199,1
895110163090677223,1
895110163090677213,1
895110163090677206,1
895110163090677203,1
895110163090677258,1
895110163090677252,1
895110163090677246,1
895110163090677243,1
895110163090677241,1
895110163090677204,1
895110163286552399,1
895110163286552408,1
8951101630842402818,1
8951101632863450000,1
895110163090678915,1
895110163090678909,1
895110163090679841,1
895110163091333734,1
895110163089521164,1
895110163089521159,1
8951101630895211855,1
895110163089521160,1
895110163089521162,1
895110163089521161,1
895110163090541394,1
57101602604287862,1
57101602604287866,1
57101602604287890,1
57101602604287884,1
57101602604287886,1
57101602307593282,1
895110163087459737,1
895110163087459703,1
895110163087459705,1
895110163087459735,1
895110163087459736,1
895110163087459740,1
895110163087459820,1
895110163087459824,1
895110163090676339,1
895110163087459818,1
8934076500006276331,1
8934076500006276190,1
8934072200007369938,1
8934072200007369920,1
8951101639677981135,1
8951101630733493157,1
8951101630842400739,1
895110163084243124,1
895110163084243144,1
895110163084697980,1
8951101639836162221,1
8934076700123355691,1
8934076400011966010,1
8934076500006276356,1
8934076500006252993,1
8934076500006252944,1
8934071500006055631,1
8934071500006054709,1
8934076400014747649,1
8934076400014747656,1
8934076400014747623,1
57101602308331123,1
89571231114159895,1
8957101602307593,1
895710160230759,1
89571016021090725,1
57101602312162609,1
57101602312162269,1
57101502206088183,1
8957123112211416662,1
57101602709643322,1
8957123112215384056,1
8957123112215348879,1
8957123112215383942,1
895110163087460905,1
895110163084243122,1
895110163087460917,1
895110163084243142,1
895110163089521194,1
895110163089521176,1
895110163983616209,1
895110163983616217,1
895110163983616216,1
895110163087321809,1
895110163087460900,1
895110163084243129,1
8951101630341085163,1
895110163287069574,1
8951067022219916988,1
895110163287069573,1
895110163287069576,1
895110163287069577,1
57101602308331141,1
8957123112215162676,1
57101602709243301,1
57101602709243306,1
57101602709243312,1
57101602709243313,1
57101602709243320,1
57101602709243322,1
57101602709243323,1
57101602709243326,1
8951101632870696071,1
8951100312213772043,1
8951101630601427311,1
895110163287069680,1
895110163087459763,1
895110163087459856,1
895110163286346731,1
895110163287069521,1
895110163087459779,1
895110163087459873,1
895110163087459898,1
895110163087459899,1
8934076200012929615,1
895110163087459850,1
895110163087459830,1
8951101630733492969,1
8951101630733492365,1
8951101632863467340,1
895110163287069542,1
895110163087459791,1
895110163087459862,1
895110163087459794,1
895110163087459888,1
895110163087459889,1
8951101630722079694,1
8951101630842402768,1
895110163074623524,1
8951101632045962101,1
8951101632870696063,1
895110163286346712,1
8951101630842401190,1
895110163286346725,1
895110163087459727,1
8951101632863467993,1
8951101630842401349,1
895110163286346682,1
8951101630842401885,1
8951101630842401893,1
895110163087459762,1
8951101630746234713,1
89571015025019106024,1
89571015023088976062,1
57101602308331064,1
57101602604287793,1
57101602604287791,1
57101602312162543,1
57101602604287751,1
57101602709643436,1
89571015024030212648,1
8951101630620976637,1
8951101630726669706,1
8951101630733493884,1
8951101632045960741,1
8951101632045960691,1
8951100312213723541F,1
895110163286345488,1
8951101632630671364,1
8951101632870696220,1
895110163959097638,1
895110163074623592,1
8951101630842401398,1
8951101630733548273,1
8951101630746236247,1
8951101639420036393,1
8951101332051349265F,1
8951100312213848611F,1
8951101632870696121,1
895110163949897311,1
8951101639419944474,1
8951101630746236353,1
895110163074623607,1
895110163060142674,1
8951101632870696774,1
8951067022219913290,1
895110163060142678,1
8952020616140184824,1
8951101632863466896,1
8951101632863466920,1
8951101632863467126,1
8951101632863466961,1
8951101632863466979,1
8951101632863466912,1
8951100312213772522,1
895110163090541364,1
895110163090080964,1
8951101630842401935,1
895110163090080965,1
895110163090541373,1
895110163090541361,1
895110163090541360,1
895110163090541345,1
895110163090541339,1
895110163090541333,1
895110163090080963,1
8951101630842402610,1
895110163090541383,1
354514102532431,1
895110163090541358,1
895110163090541357,1
895110163090541356,1
895110163090541355,1
895110163287069591,1
895110163090541343,1
895110163090541341,1
895110163090541384,1
8951101630726670852,1
895110163090541381,1
895110163090541370,1
895110163090541368,1
8951101639654937357,1
8951101639654937324,1
8951101639654937282,1
895110163090541354,1
8951101639654937233,1
8951101630699392104,1
8951101630698806880,1
8951101630698806484,1
895110163087459747,1
895110163090541352,1
895110163287069508,1
8951101630698807748,1
895110163091333728,1
895110163090541349,1
8951101630698807656,1
8951101630698807979,1
8951101630698807961,1
8951101630698807011,1
895110163090541347,1
895110163087459895,1
895110163090541330,1
895110163090541385,1
0U1N,1
895110163090541372,1
895110163936835274,1
895110163060142584,1
895110163090541366,1
895110163090541363,1
895110163090541362,1
895110163090541353,1
895110163090541344,1
895110163090080966,1
0U50,1
895110163090541371,1
895110163090541359,1
895110163090541340,1
8951101632661804629,1
895110163090541335,1
895110032918304969,1
8934071200001493032,1
8951101630733549016,1
8951067022225240043,1
8934071100300969098,1
8934071100300968884,1
8951067022219916681,1
8951067022219916665,1
8934076100155250862,1
8951067022219916533,1
8951067022219916541,1
8951067022219916152,1
8951101639654938017,1
8951067022219915972,1
8951101632870696295,1
8951067022219913381,1
8951101639654937340,1
8951101639419944433,1
8951101639419943955,1
8951101630601426172,1
8951101639419944151,1
8951101639368466503,1
8934071200001493057,1
8951101639419943849,1
8951101639419943872,1
8951101639419943831,1
8951101639419944045,1
8951101639419944078,1
8951101639419944094,1
8951101639419944128,1
8951101639419944144,1
8951101630726669318,1
8951101630726669680,1
8951101630726669581,1
8951101630726669920,1
8951101632661804132,1
8951101632661804488,1
8951101632661804074,1
8951101632661804058,1
8951101632661804041,1
8951101632661804017,1
8951101632661804009,1
8951101632661803985,1
8951101632661803993,1
8951101632661803944,1
8951101632661803902,1
8951101632661803886,1
8951101632661803894,1
8951101632661804611,1
8951101632661804637,1
8951101632661804603,1
8951101632661804587,1
8951101632661803746,1
8951101630733492738,1
8951101632661803704,1
0WPL,1
8951101632661804231,1
8951101639419944300,1
0WY8,1
8951101630842401752,1
895110163062097633,1
8934071200001476888,1
895110163087459901,1
0X08,1
8951100122148224691,1
8951100312213747482F,1
895110163087459877,1
895110163287069587,1
8951101630733492506,1
8951101630733492274,1
8951101632870696279,1
895110163287069529,1
8951101630699391924,1
8951101630733494726,1
8934076200000810884,1
8951101630733493413,1
8951101630733493439,1
8951101630733493447,1
8951101630733493587,1
0Y2T,1
895110163084240214,1
895110163087459739,1
8951101632863467449,1
0Y5A,1
895110163087459858,1
8951100312213644721F,1
8951101232023141362,1
895110163087459859,1
8951101632056293610,1
895110163087459884,1
8951101639501386162,1
8951101632630671653F,1
895110163090677216,1
8951101630733493942,1
895110163087459861,1
895110163087459887,1
8951100312213723343F,1
895110163087459744,1
89511016326320671554F,1
895110163087459771,1
8934075200004647861,1
8951101630746235033,1
895110163087459746,1
8951101639001743417F,1
8951101630722079215,1
8951100320136215867F,1
8951101630733492860,1
8951101630733548471,1
8951101630601426214,1
0YMQ,1
8951101632870696014,1
8934076200000578408,1
0YRC,1
8951101639419944250,1
895110163942003504,1
895110163069880749,1
895110163060142627,1
8951101630733549131,1
8951101630733549032,1
8951101630726670084,1
8951101632870694894,1
895110163087459855,1
8951101639420035874,1
8951101639677981119,1
895110163087459886,1
119Y,1
8934076200000578341,1
895110163286346702,1
8951101639654937217,1
8951101632056293487F,1
11GX,1
11H6,1
895110163087459869,1
8951101630726670498,1
895110163090361044,1
8951101632863468207,1
8951101639420036765,1
8951101632863468082,1
8951101632863468124,1
8951101639677981192,1
895110163286345490,1
8934072100260907806,1
8951067022219913225,1
8951101630698807383,1
895110163983616207,1
895110163983616212,1
8951101632870696212,1
8951101632870696337,1
895110163087460914,1
895110163087460923,1
895110163087460895,1
895110163087460896,1
895110163087460898,1
895110163084243119,1
895110163084243145,1
895110163084696633,1
895110163084243123,1
895110163084243135,1
895110163287069637,1
895110163089521179,1
895110163089521182,1
895110163089521181,1
895110163089521175,1
895110163089521190,1
895110163089521195,1
895110163287069644,1
895110163287069647,1
8951101630733494437,1
8951101632870696089,1
895110163287069674,1
895110031221372506,1
895110163286345450,1
8951100312213770013,1
8951101639590970000,1
8951101632630673238,1
8951101630733494098,1
8951101630733494221,1
8951101630733548562,1
8951101630733494494,1
895110163090361000,1
895110163090361067,1
895110163090361055,1
895110163090361053,1
895110163090361059,1
8951101639654937449,1
8951101630733494262,1
8951101630733494171,1
895110163090361062,1
895110163090361084,1
895110163090361071,1
895110163090361076,1
895110163090361054,1
895110163263067287,1
8951101639305446246,1
8951101632870694951,1
895110163090676332,1
895110163090676331,1
868574042869011,1
895110163090676349,1
895110163090676352,1
895110163090676361,1
895110163090676370,1
895110163090676364,1
895110163090676341,1
895110163090676359,1
895110163090676360,1
895110163090676344,1
895110163090676353,1
895110163090676354,1
895110163090676363,1
895110031221372358,1
895110163090676343,1
895110163090677249,1
8951101639305445511F,1
895110163090677238,1
895110163090677221,1
895110163090677205,1
895110163090677236,1
895110163090677220,1
895110163090677211,1
895110163090677209,1
895110163090677208,1
8951101630842401182,1
895110163090677257,1
895110163090677245,1
8951101630842402446,1
895110163090677200,1
895110163090677254,1
895110163090677253,1
895110163090677250,1
895110163090677222,1
895110163090677240,1
895110163090677233,1
895110163090677231,1
8951100312213849080,1
895110163286345452,1
895110163286552398,1
895110163287069636,1
895110163090678220,1
895110163090678199,1
895110163090677554,1
895110163091333702,1
895110163090679068,1
895110163090678218,1
895110163091333703,1
895110163090678216,1
895110163090678910,1
895110163090677495,1
895110163090679067,1
895110163090678911,1
895110163090678196,1
895110163091333701,1
895110163090679069,1
895110163090678912,1
895110163090678219,1
895110163090678913,1
895110163090678217,1
895110163090678851,1
895110163091333721,1
895110163091333713,1
895110163091333715,1
895110163091333733,1
895110163091333841,1
895110163091333846,1
895110163091333708,1
895110163091333709,1
895110163091333842,1
895110163091333843,1
895110163091333844,1
895110163091333724,1
895110163091333725,1
895110163091333735,1
895110163091333739,1
895110163091333840,1
895110163091333711,1
895110163091333732,1
895110163091333738,1
895110163091333712,1
895110163091333729,1
895110163091333730,1
895110163091333731,1
895110163091333719,1
895110163090541350,1
895110163090541367,1
895110163090541375,1
895110163090541379,1
895110163090541377,1
895110163090541382,1
895110163090541336,1
895110163090541337,1
895110163090541346,1
895110163090541369,1
895110163090541374,1
895110163090541376,1
895110163089521169,1
895110163089521165,1
895110163089521163,1
895110163091333716,1
895110163091333718,1
895110163091333717,1
895110163090541407,1
895110163090541391,1
895110163090541390,1
895110163090541414,1
895110163090541408,1
895110163090541413,1
895110163090541397,1
895110163090541393,1
895110163090541404,1
895110163090541405,1
895110163090541395,1
895110163090541410,1
895110163090541399,1
895110163090541387,1
895110163090541401,1
895110163090541402,1
895110163090541409,1
895110163090541386,1
895110163090541334,1
895110163090541411,1
895110163090541403,1
895110163090541416,1
895110163090541396,1
895110163090541406,1
895110163090541415,1
895110163090541388,1
895110163090541392,1
895110163090541412,1
8957123312309015349,1
895110163090541389,1
8951101632661804116,1
8951101630601426131,1
895106702221991,1
8951101632863467480,1
8951101632630672867,1
8951101632661803951,1
123411800,1
571015583,1
57101502011316584,1
8957,1
8934076200000578002,1
8957123112215349174,1
411800049706,1
57101602709643312,1
57101602110606100,1
57101101506678700,1
571011013,1
8951101632056294980,1
895110163060142599,1
8951065121401972833,1
895110163959097625,1
8951100122148225433,1
8951100312213810223F,1
895110163060142595,1
895110163060142590,1
895110163060142587,1
895110163060142582,1
895110163060142583,1
8951101639654937209,1
8951067022219915915,1
895110163087459880,1
895110163087459882,1
895110163087459731,1
8951101630733492233,1
895110163087459761,1
8951101630733494056,1
8951101630733494064,1
8951101630733494122,1
8951101630733494189,1
8951101630733494239,1
895110163287069553,1
8951101630746235686,1
895110163074623611,1
8951101630733548158,1
8951100313213282181,1
8951101639677981077,1
8951101630842400705,1
895110163089521188,1
8951101639368352745,1
895110163949574810,1
8951101332051349588,1
8951101630842402313,1
5710110150,1
57101101,1
8957123110542477171,1
57101602308,1
8957123110545806517,1
57101501,1
57101502309377202,1
895712,1
57101602312157827,1
8957101502009,1
502011225359,1
57101602303751026,1
57101602205726440,1
18957123111901264176,1
57101502011286313,1
57101502101664865,1
502107819329,1
89571016021,1
57101101405768176,1
8957101502206650,1
89571015019056180919,1
89571016020010114779,1
8957123112102786546,1
89571016020,1
5710160231,1
57101502503054971,1
89571016021090720923,1
89571016021086993591,1
89571016021086999671,1
8934077200000972634,1
89571016021090724909,1
8957123112215168277,1
57101602308331622,1
602205726070,1
8957123111415884840,1
89571016023121,1
89571231,1
3352556102741266,1
57101602502492341,1
571016023121,1
89571016023121580599,1
895710,1
8957123112215170091,1
57101502501,1
57101602312161905,1
57101602312161853,1
895712311254,1
57101602604287776,1
8957123112215163997,1
8957123112215163807,1
8957128145S,1
8934076200002383591,1
8957123112215168293,1
8957123112215165315,1
8957123112215166107,1
8957101602205725,1
8957123112211416373,1
8957123112102786520,1
8957101501810847709,1
895710167453,1
8957123112211411937,1
8957123112211413743,1
8957123112211413032,1
8957123112211415862,1
5710160270,1
57101101510222466,1
123112211416381,1
57101602604287888,1
57101602604287895,1
8957123312309015372,1
8957123110541580000,1
3456789,1
502011987713,1
89571016023121579468,1
57101001505059073,1
8957123310521800233,1
57101502011316588,1
8957123110544468210,1
57101101410289756,1
57101101409879141,1
5710110130,1
8934075400008851507,1
89571231105,1
8957101,1
571015020,1
57101602709243340,1
8951101632630671547F,1
8951101639368467006,1
8951101632870695941,1
8951101632630671635F,1
895110163060142772,1
8951101432007306789F,1
8951067022219913068,1
8951101639305445933F,1
8951101639305446238F,1
895110031221369772,1
8951100312213723830,1
8951100312213725058,1
895110163060142594,1
895110163060142593,1
895110163060142588,1
8951100312213849049F,1
8951101630746235751,1
8951101630726670985,1
895110163087459875,1
895110163087459881,1
8951101632870695909,1
8951101630698807433,1
8951101630698807797,1
8951101630746235660,1
8951101630733494312,1
8951101630726669631,1
8951101630722078373,1
8951100129124149644,1
8951101630733547937,1
8951101630733548737,1
8951101630746234887,1
895110163936835335,1
8951101632630671539F,1
89571016023121579575,1
89571016023083315265,1
8957101502503054993,1
8957123112102786850,1
89571016020105249290,1
89011703278442588222,1
8934075400008850301,1
89571015022011589117,1
8957123112211417322,1
8957123312309015844,1
8957123312309015588,1
8957123312309015422,1
123112211418593,1
8957123312309015455,1
8957123312309015539,1
8957123312309015653,1
8957123312309015489,1
8957123312309015398,1
8957123312309015752,1
8957123312309015521,1
8957123312309015794,1
8957123312309015620,1
8957123312309015596,1
8957123312309015570,1
8957123312309015380,1
8957123312309015851,1
8957123312309015604,1
12341180,1
57101602502492338,1
DRHSTRH,1
8957123112215163344,1
8957123112215165505,1
602205726638,1
8934076200000578986,1
571015021,1
57101501810848377,1
57101101311003132,1
89571015020113165927,1
57101101510434081,1
8957123112102787015,1
89571016021086,1
57101502101664108,1
8957123112214854620,1
89571231121027,1
57101,1
8957123112102787874,1
8957123112102786538,1
57101502308897355,1
89571016021086993609,1
8951101630722078654,1
89571015025019071020,1
8934076200000578283,1
8957123112215341155,1
8957123112214854240,1
57101602312157755,1
57101602312162042,1
8957123312309015414,1
895110163074623614,1
8951101630733548612,1
89571015021122229225,1
89571015025019106123,1
89571015021016648852,1
89571015022066505331,1
89571016020105255206,1
89571015025019099682,1
89571015025019103997,1
89571016023121574899,1
89571016023121581241,1
89571015025019105257,1
89571015025030552941,1
89571016023121575714,1
89571016023121581233,1
89571015020060864886,1
89571015021122229571,1
89571015021016648563,1
89571015019121508524,1
89571015020095255274,1
89571015025019106115,1
89571016023121581365,1
89571015021078193334,1
89571015025019105299,1
89571015025019106081,1
89571015020095254541,1
8957123411800049854,1
8957123111901264028,1
8957123112215348622,1
89011703278703348931,1
8957123112215164789,1
8957123112215164797,1
8957123112215164805,1
8957123112215164813,1
8957123112215164821,1
8957123112215164839,1
8957123112215164847,1
8957123112215164862,1
8957123112215164870,1
8957123112215164888,1
8957123112215164896,1
8957123112215164912,1
8957123112215164920,1
8957123112215164946,1
8957123112215164953,1
8957123112215164961,1
8957123112215164979,1
8957123112215164987,1
8957123112215164995,1
8957123112215165000,1
8957123112215165018,1
8957123112215165026,1
8957123112215165034,1
8957123112215165042,1
89571015024030212713,1
8957123112211,1
8957123112211415094,1
57101602608361839,1
571016023083,1
8957123112215382514,1
57101602308331112,1
571016023083307701610n,1
57101602308330917,1
57101602308330752,1
57101602308330715,1
57101602308330933,1
57101602308330920,1
57101602308330914,1
57101602308330891,1
8957123112215340678,1
57101602308330869,1
57101602308330865,1
57101602709643380,1
8934076200000578275,1
57101602604287732,1
57101602604287726,1
57101602604287723,1
57101602604287717,1
57101602604287710,1
57101602604287697,1
8957123112211411846,1
8957123312309015760,1
8957123112211415755,1
8957123112211411945,1
8957123312309015554,1
8957123312309015737,1
8957123112211416464,1
8957123112211416290,1
8934076200000578820,1
8957123112211416597,1
89571231122,1
8957123112211417173,1
8957123112211415839,1
8957123112211418437,1
8957123112211416324,1
57101602308330700,1
57101602709643320,1
57101602709643270,1
123411800049847,1
14FK,1
602205725997,1
14FM,1
57101502009,1
14FO,1
8934076200000579117,1
571015021016,1
5710150201,1
8934076200000578929,1
5020,1
8957101602205725749,1
123110545806103,1
89571016023121576175,1
57101501905627852,1
57101502101664892,1
57101602307593310,1
57101602307593404,1
57101602604287927,1
57101602604287911,1
57101602604287826,1
57101602604287823,1
57101602604287816,1
89571016022057264418,1
57101502501910111,1
89571015021016640602,1
8957101602010525,1
89571016020105254621,1
5710160,1
8957101502107819382,1
89571016021106899414,1
89571015021078194027,1
57101502501906662,1
57101602312158165,1
57101602308769603,1
57101602312162022,1
8934075100262140833,1
8957123112215381177,1
57101602502492437,1
57101602709643411,1
57101602709643406,1
57101602709643401,1
57101602709643393,1
57101602709643429,1
57101602709643440,1
57101602709643447,1
57101602709643455,1
89571015022060882348,1
57101602308331493,1
57101501912150935,1
8957123410516237639,1
57101602312161867,1
57101401,1
895710150191,1
89571011015100876571,1
57101602205726662,1
57101502101664071,1
895710150220,1
57101602604287835,1
89571011014103613370,1
57101602604287837,1
57101602604287839,1
57101602604287848,1
57101602604287849,1
57101602709243302,1
57101602709243303,1
57101602709243311,1
57101602709243316,1
123112211416472,1
123112211418767,1
57101602709243317,1
57101602709243318,1
57101602709243319,1
57101602709243321,1
57101602709243325,1
868574042901038,1
57101602604287871,1
8957123111,1
57101602604287896,1
57101602604287906,1
8957101502308897520,1
57101602604287880,1
57101602307593331,1
57101602709643474,1
57101602709643166,1
57101602709643163,1
57101602307593733,1
57101602307593739,1
57101101411228506,1
57101602307593759,1
57101602307593760,1
57101602307593761,1
8934075100258342369,1
8957123112215380815,1
8934071100300293630,1
8957123112215380831,1
8934071100300293697,1
8957123112215380856,1
8934071100300293663,1
8957123112215381219,1
8957123112215381235,1
8957123112215381201,1
8957123112102785290,1
8957123112215380922,1
8957123112215381243,1
8957123112215381292,1
8957123112215381227,1
8957123112215380971,1
8957123112215162999,1
8957123112215168145,1
57101602308331449,1
57101602308331424,1
895710160210907254,1
57101101510434083,1
57101602308331433,1
57101101510434079,1
57101502006086486,1
57101602308331423,1
57101602307593396,1
57101602709243335,1
57101602709243352,1
57101602709243358,1
57101602709243359,1
57101602709243362,1
502011225357,1
502,1
57101602709643367,1
57101602709243122,1
57101602709243121,1
57101602709243118,1
57101602709243119,1
57101602709243120,1
57101602709243150,1
57101602709243151,1
57101602709243152,1
57101602709243153,1
57101602709243204,1
57101602709243202,1
57101602709243201,1
57101602709243200,1
57101602709243199,1
57101602709243198,1
57101502501910059,1
57101602709243195,1
57101602709243194,1
57101602709243193,1
57101602709243192,1
57101602709243191,1
57101602709243188,1
5710110151,1
57101602709243175,1
57101602709243174,1
57101602709243172,1
57101602308331461,1
57101502011225334,1
57101502006098012,1
8957123112215348689,1
57101502308897358,1
8957123112215161769,1
57101602709243206,1
57101602709243224,1
57101602709243227,1
57101602709243221,1
57101602709243228,1
57101602709243214,1
57101602709243226,1
57101602010525552,1
57101602709243208,1
57101602709243209,1
57101602709243211,1
57101602709243212,1
57101602312162534,1
57101602709243230,1
57101602709243229,1
57101602709243231,1
57101602709243232,1
57101602709243233,1
57101602709243234,1
57101602709243235,1
57101602709243236,1
57101602709243237,1
57101602709243238,1
57101602709243239,1
57101602709243240,1
57101602709243241,1
57101602709243242,1
57101602709243243,1
57101602709243244,1
57101602709243245,1
57101602709243248,1
57101602709243247,1
8957101602709243225,1
57101602709243261,1
57101602709243262,1
57101602709243263,1
57101602709243264,1
57101602709243265,1
57101602709243249,1
57101602709243250,1
57101602709243257,1
57101602709243258,1
57101602709243254,1
57101502501910387,1
602608353942,1
57101502501906609,1
602608353949,1
57101101506678718,1
602608353952,1
602608353954,1
602608353956,1
57101602709243256,1
57101602709243251,1
57101602709243252,1
57101602709243253,1
89571016023075933893,1
57101602205726448,1
57101602608353966,1
57101101510434124,1
602709243149,1
57101602312162594,1
602608353926,1
602608353921,1
602608353917,1
602608353931,1
602608353930,1
602608353929,1
602608353928,1
602608353933,1
602608353927,1
57101602709243365,1
57101702301747818,1
57101702301747816,1
868574042914940,1
57101602312157917,1
57101702301747805,1
57101702301747807,1
8957123112215164722,1
8957123111901264309,1
57101602303750972,1
8957123111901412114,1
571011,1
89571015025019066525,1
8957123112215348978,1
57101602205725744,1
89571015020060980377,1
895110163087321814,1
89571016023121576415,1
895110163074623526,1
951101630733493132,1
895110163074623513,1
895110163287069678,1
895110163087459752,1
895110163087459753,1
895110163087459754,1
895110163087459755,1
895110163287069566,1
895110163087459781,1
895110163087459756,1
895110163087459758,1
895110163087459759,1
895110163087459760,1
895110163287069681,1
895110163287069487,1
895110163287069504,1
895110163287069519,1
8951101630874597220,1
895110163087459775,1
895110163087459750,1
895110163087459751,1
895110163087459778,1
895110163287069539,1
8934076400014747714,1
8934076400014747615,1
8934076200007157685,1
8934076500006276323,1
8934076400014747680,1
000,1
8934076400014747722,1
8934076400014747730,1
8934076500006276349,1
8934076400014747672,1
57101602502492372,1
8951101632870696170,1
57101502009525486,1
57101502009525489,1
57101502009525490,1
89571015022011588929,1
8951101632863454454,1
57101602308331176,1
57101602308331180,1
57101602308331207,1
57101602604287781,1
57101602709643266,1
57101602709643286,1
57101602604287912,1
57101602604287834,1
57101602604287832,1
57101602604287828,1
57101602604287824,1
57101602308331157,1
895110163087321807,1
895110163087321818,1
895110163087321819,1
57101602312162150,1
57101602312162293,1
57101602312162549,1
8951101330030797463,1
8957123112211413115,1
8957123112211416480,1
57101602604287854,1
57101602604287857,1
8957123112215383405,1
8957123112215,1
8957123112215383256,1
8957123112215383272,1
8957123112215383215,1
89571015021125251929,1
57101602308331682,1
8934076200012929771,1
8934072200007369904,1
8934076500006276315,1
8934076700128212913,1
8934076700123356129,1
8934076400014747664,1
57101602303750902,1
57101602308331698,1
57101602709643281,1
57101602308331189,1
57101602308330903,1
89571016023121579690,1
57101602312158210,1
57101602308330886,1
8951101630842402925,1
8951101632045961244,1
8951101630733494882,1
8951101632056294196,1
8951101630842400960,1
8951101632056293495,1
57101602709643340,1
8951101632045961012,1
895110163287069646,1
895110163287069665,1
895110163287069657,1
895110163287069670,1
895110163287069642,1
895110163287069635,1
895110163287069659,1
895110163090361049,1
895110163090361066,1
895110163090361051,1
895110163090361078,1
895110163090361079,1
895110163090361087,1
8951101330030989623,1
57101602308331672,1
895110163090361045,1
895110163090361083,1
895110163090361082,1
895110163090361072,1
895110163090676346,1
895110163090676355,1
895110163090676362,1
895110163090676345,1
895110163090676368,1
57101602502492433,1
57101602308331153,1
57101602308331689,1
57101602308331348,1
57101502308897003,1
895110163090361057,1
