,Sequence,Events,Date,Speed
53,1373,Drive,Dec 17 2024 07:47 PM,9
60,1366,Drive,Dec 17 2024 07:38 PM,46
61,1365,Drive,Dec 17 2024 07:38 PM,49
62,1364,Drive,Dec 17 2024 07:37 PM,49
63,1363,Drive,Dec 17 2024 07:37 PM,22
64,1362,Drive,Dec 17 2024 07:35 PM,35
65,1361,Drive,Dec 17 2024 07:34 PM,57
66,1360,Drive,Dec 17 2024 07:32 PM,61
67,1359,Drive,Dec 17 2024 07:30 PM,62
68,1358,Drive,Dec 17 2024 07:28 PM,61
69,1357,Drive,Dec 17 2024 07:26 PM,62
70,1356,Drive,Dec 17 2024 07:25 PM,49
71,1355,Drive,Dec 17 2024 07:23 PM,56
72,1354,Drive,Dec 17 2024 07:21 PM,59
76,1350,Drive,Dec 17 2024 07:14 PM,59
77,1349,Drive,Dec 17 2024 07:13 PM,64
78,1348,Drive,Dec 17 2024 07:11 PM,65
79,1347,Drive,Dec 17 2024 07:09 PM,57
80,1346,Drive,Dec 17 2024 07:09 PM,56
81,1345,Drive,Dec 17 2024 07:08 PM,57
82,1344,Drive,Dec 17 2024 07:06 PM,40
83,1343,Drive,Dec 17 2024 07:06 PM,37
86,1340,Drive,Dec 17 2024 07:03 PM,14
87,1339,Drive,Dec 17 2024 07:01 PM,37
88,1338,Drive,Dec 17 2024 06:59 PM,30
91,1335,Drive,Dec 17 2024 06:54 PM,16
92,1334,Drive,Dec 17 2024 06:52 PM,32
93,1333,Drive,Dec 17 2024 06:50 PM,14
94,1332,Drive,Dec 17 2024 06:48 PM,56
95,1331,Drive,Dec 17 2024 06:47 PM,45
96,1330,Drive,Dec 17 2024 06:45 PM,27
97,1329,Drive,Dec 17 2024 06:43 PM,45
98,1328,Drive,Dec 17 2024 06:41 PM,49
99,1327,Drive,Dec 17 2024 06:39 PM,37
100,1326,Drive,Dec 17 2024 06:37 PM,59
101,1325,Drive,Dec 17 2024 06:35 PM,56
102,1324,Drive,Dec 17 2024 06:33 PM,57
108,1318,Drive,Dec 17 2024 06:24 PM,20
110,1316,Drive,Dec 17 2024 06:22 PM,67
111,1315,Drive,Dec 17 2024 06:21 PM,62
112,1314,Drive,Dec 17 2024 06:19 PM,67
113,1313,Drive,Dec 17 2024 06:17 PM,65
114,1312,Drive,Dec 17 2024 06:15 PM,65
115,1311,Drive,Dec 17 2024 06:13 PM,65
116,1310,Drive,Dec 17 2024 06:11 PM,67
119,1307,Drive,Dec 17 2024 06:08 PM,20
120,1306,Drive,Dec 17 2024 06:06 PM,59
121,1305,Drive,Dec 17 2024 06:04 PM,25
124,1302,Drive,Dec 17 2024 06:01 PM,28
125,1301,Drive,Dec 17 2024 05:59 PM,35
126,1300,Drive,Dec 17 2024 05:57 PM,17
127,1299,Drive,Dec 17 2024 05:55 PM,64
128,1298,Drive,Dec 17 2024 05:54 PM,64
129,1297,Drive,Dec 17 2024 05:52 PM,67
130,1296,Drive,Dec 17 2024 05:50 PM,67
131,1295,Drive,Dec 17 2024 05:48 PM,62
132,1294,Drive,Dec 17 2024 05:47 PM,67
133,1293,Drive,Dec 17 2024 05:45 PM,65
134,1292,Drive,Dec 17 2024 05:43 PM,62
135,1291,Drive,Dec 17 2024 05:41 PM,62
136,1290,Drive,Dec 17 2024 05:39 PM,48
137,1289,Drive,Dec 17 2024 05:37 PM,59
138,1288,Drive,Dec 17 2024 05:35 PM,41
145,1281,Drive,Dec 17 2024 05:14 PM,9
148,1278,Drive,Dec 17 2024 05:11 PM,14
149,1277,Drive,Dec 17 2024 05:09 PM,0
150,1276,Drive,Dec 17 2024 05:07 PM,25
151,1275,Drive,Dec 17 2024 05:05 PM,49
152,1274,Drive,Dec 17 2024 05:03 PM,9
153,1273,Drive,Dec 17 2024 05:01 PM,49
154,1272,Drive,Dec 17 2024 04:59 PM,51
155,1271,Drive,Dec 17 2024 04:57 PM,25
156,1270,Drive,Dec 17 2024 04:56 PM,17
157,1269,Drive,Dec 17 2024 04:56 PM,25
164,1262,Drive,Dec 17 2024 04:49 PM,57
165,1261,Drive,Dec 17 2024 04:48 PM,33
166,1260,Drive,Dec 17 2024 04:46 PM,22
167,1259,Drive,Dec 17 2024 04:44 PM,38
168,1258,Drive,Dec 17 2024 04:44 PM,28
173,1253,Drive,Dec 17 2024 04:38 PM,25
174,1252,Drive,Dec 17 2024 04:35 PM,43
175,1251,Drive,Dec 17 2024 04:33 PM,65
176,1250,Drive,Dec 17 2024 04:31 PM,65
177,1249,Drive,Dec 17 2024 04:29 PM,45
180,1246,Drive,Dec 17 2024 04:23 PM,20
181,1245,Drive,Dec 17 2024 04:22 PM,14
183,1243,Drive,Dec 17 2024 04:20 PM,45
185,1241,Drive,Dec 17 2024 04:19 PM,43
186,1240,Drive,Dec 17 2024 04:17 PM,12
187,1239,Drive,Dec 17 2024 04:15 PM,59
188,1238,Drive,Dec 17 2024 04:14 PM,64
189,1237,Drive,Dec 17 2024 04:12 PM,59
190,1236,Drive,Dec 17 2024 04:10 PM,48
191,1235,Drive,Dec 17 2024 04:08 PM,56
192,1234,Drive,Dec 17 2024 04:06 PM,20
193,1233,Drive,Dec 17 2024 04:04 PM,65
194,1232,Drive,Dec 17 2024 04:03 PM,65
195,1231,Drive,Dec 17 2024 04:01 PM,17
196,1230,Drive,Dec 17 2024 03:59 PM,14
197,1229,Drive,Dec 17 2024 03:57 PM,64
198,1228,Drive,Dec 17 2024 03:55 PM,64
199,1227,Drive,Dec 17 2024 03:53 PM,11
202,1224,Drive,Dec 17 2024 03:48 PM,14
203,1223,Drive,Dec 17 2024 03:44 PM,54
204,1222,Drive,Dec 17 2024 03:42 PM,0
205,1221,Drive,Dec 17 2024 03:40 PM,22
206,1220,Drive,Dec 17 2024 03:38 PM,59
207,1219,Drive,Dec 17 2024 03:36 PM,12
208,1218,Drive,Dec 17 2024 03:34 PM,51
209,1217,Drive,Dec 17 2024 03:32 PM,30
210,1216,Drive,Dec 17 2024 03:28 PM,30
211,1215,Drive,Dec 17 2024 03:26 PM,40
212,1214,Drive,Dec 17 2024 03:24 PM,14
213,1213,Drive,Dec 17 2024 03:22 PM,12
214,1212,Drive,Dec 17 2024 03:20 PM,20
215,1211,Drive,Dec 17 2024 03:18 PM,33
216,1210,Drive,Dec 17 2024 03:16 PM,14
217,1209,Drive,Dec 17 2024 03:14 PM,25
218,1208,Drive,Dec 17 2024 03:12 PM,65
219,1207,Drive,Dec 17 2024 03:11 PM,57
220,1206,Drive,Dec 17 2024 03:09 PM,64
221,1205,Drive,Dec 17 2024 03:07 PM,14
222,1204,Drive,Dec 17 2024 03:05 PM,20
223,1203,Drive,Dec 17 2024 03:03 PM,65
224,1202,Drive,Dec 17 2024 03:01 PM,22
225,1201,Drive,Dec 17 2024 02:59 PM,61
226,1200,Drive,Dec 17 2024 02:57 PM,65
227,1199,Drive,Dec 17 2024 02:55 PM,62
228,1198,Drive,Dec 17 2024 02:53 PM,17
229,1197,Drive,Dec 17 2024 02:51 PM,30
230,1196,Drive,Dec 17 2024 02:49 PM,64
231,1195,Drive,Dec 17 2024 02:48 PM,67
232,1194,Drive,Dec 17 2024 02:46 PM,62
233,1193,Drive,Dec 17 2024 02:44 PM,30
234,1192,Drive,Dec 17 2024 02:43 PM,38
235,1191,Drive,Dec 17 2024 02:41 PM,16
236,1190,Drive,Dec 17 2024 02:39 PM,20
237,1189,Drive,Dec 17 2024 02:37 PM,22
238,1188,Drive,Dec 17 2024 02:35 PM,59
239,1187,Drive,Dec 17 2024 02:33 PM,56
240,1186,Drive,Dec 17 2024 02:32 PM,67
241,1185,Drive,Dec 17 2024 02:30 PM,65
242,1184,Drive,Dec 17 2024 02:28 PM,11
243,1183,Drive,Dec 17 2024 02:26 PM,0
244,1182,Drive,Dec 17 2024 02:24 PM,56
245,1181,Drive,Dec 17 2024 02:23 PM,57
246,1180,Drive,Dec 17 2024 02:21 PM,24
247,1179,Drive,Dec 17 2024 02:19 PM,62
248,1178,Drive,Dec 17 2024 02:18 PM,65
249,1177,Drive,Dec 17 2024 02:16 PM,56
250,1176,Drive,Dec 17 2024 02:16 PM,57
251,1175,Drive,Dec 17 2024 02:14 PM,38
254,1172,Drive,Dec 17 2024 02:10 PM,37
255,1171,Drive,Dec 17 2024 02:09 PM,24
256,1170,Drive,Dec 17 2024 02:08 PM,38
263,1163,Drive,Dec 17 2024 01:47 PM,20
264,1162,Drive,Dec 17 2024 01:45 PM,43
265,1161,Drive,Dec 17 2024 01:44 PM,62
269,1157,Drive,Dec 17 2024 01:40 PM,65
271,1155,Drive,Dec 17 2024 01:38 PM,56
272,1154,Drive,Dec 17 2024 01:38 PM,43
273,1153,Drive,Dec 17 2024 01:36 PM,67
274,1152,Drive,Dec 17 2024 01:34 PM,38
276,1150,Drive,Dec 17 2024 01:32 PM,33
293,1133,Drive,Dec 17 2024 12:44 PM,62
294,1132,Drive,Dec 17 2024 12:44 PM,41
295,1131,Drive,Dec 17 2024 12:43 PM,59
296,1130,Drive,Dec 17 2024 12:41 PM,37
297,1129,Drive,Dec 17 2024 12:41 PM,48
298,1128,Drive,Dec 17 2024 12:41 PM,43
299,1127,Drive,Dec 17 2024 12:40 PM,46
300,1126,Drive,Dec 17 2024 12:40 PM,45
301,1125,Drive,Dec 17 2024 12:40 PM,56
302,1124,Drive,Dec 17 2024 12:39 PM,57
303,1123,Drive,Dec 17 2024 12:39 PM,28
304,1122,Drive,Dec 17 2024 12:39 PM,33
305,1121,Drive,Dec 17 2024 12:39 PM,38
306,1120,Drive,Dec 17 2024 12:39 PM,30
308,1118,Drive,Dec 17 2024 12:37 PM,35
309,1117,Drive,Dec 17 2024 12:37 PM,35
311,1115,Drive,Dec 17 2024 12:36 PM,28
312,1114,Drive,Dec 17 2024 12:36 PM,30
314,1112,Drive,Dec 17 2024 12:36 PM,20
315,1111,Drive,Dec 17 2024 12:35 PM,32
316,1110,Drive,Dec 17 2024 12:35 PM,30
317,1109,Drive,Dec 17 2024 12:35 PM,35
318,1108,Drive,Dec 17 2024 12:35 PM,35
319,1107,Drive,Dec 17 2024 12:34 PM,33
320,1106,Drive,Dec 17 2024 12:34 PM,30
321,1105,Drive,Dec 17 2024 12:34 PM,35
322,1104,Drive,Dec 17 2024 12:34 PM,30
323,1103,Drive,Dec 17 2024 12:34 PM,32
324,1102,Drive,Dec 17 2024 12:34 PM,32
325,1101,Drive,Dec 17 2024 12:34 PM,33
327,1099,Drive,Dec 17 2024 12:33 PM,35
328,1098,Drive,Dec 17 2024 12:33 PM,35
329,1097,Drive,Dec 17 2024 12:33 PM,33
330,1096,Drive,Dec 17 2024 12:33 PM,33
331,1095,Drive,Dec 17 2024 12:33 PM,33
332,1094,Drive,Dec 17 2024 12:33 PM,37
333,1093,Drive,Dec 17 2024 12:33 PM,33
334,1092,Drive,Dec 17 2024 12:32 PM,30
335,1091,Drive,Dec 17 2024 12:32 PM,32
336,1090,Drive,Dec 17 2024 12:32 PM,32
337,1089,Drive,Dec 17 2024 12:32 PM,28
338,1088,Drive,Dec 17 2024 12:32 PM,30
339,1087,Drive,Dec 17 2024 12:32 PM,38
340,1086,Drive,Dec 17 2024 12:32 PM,35
341,1085,Drive,Dec 17 2024 12:31 PM,35
342,1084,Drive,Dec 17 2024 12:30 PM,46
343,1083,Drive,Dec 17 2024 12:30 PM,38
344,1082,Drive,Dec 17 2024 12:30 PM,40
345,1081,Drive,Dec 17 2024 12:29 PM,33
346,1080,Drive,Dec 17 2024 12:29 PM,38
347,1079,Drive,Dec 17 2024 12:29 PM,35
348,1078,Drive,Dec 17 2024 12:28 PM,43
349,1077,Drive,Dec 17 2024 12:28 PM,38
350,1076,Drive,Dec 17 2024 12:28 PM,35
351,1075,Drive,Dec 17 2024 12:28 PM,41
354,1072,Drive,Dec 17 2024 12:26 PM,38
355,1071,Drive,Dec 17 2024 12:26 PM,30
356,1070,Drive,Dec 17 2024 12:26 PM,28
357,1069,Drive,Dec 17 2024 12:26 PM,33
358,1068,Drive,Dec 17 2024 12:25 PM,38
359,1067,Drive,Dec 17 2024 12:25 PM,37
360,1066,Drive,Dec 17 2024 12:25 PM,43
361,1065,Drive,Dec 17 2024 12:25 PM,38
362,1064,Drive,Dec 17 2024 12:24 PM,35
363,1063,Drive,Dec 17 2024 12:24 PM,33
364,1062,Drive,Dec 17 2024 12:24 PM,17
365,1061,Drive,Dec 17 2024 12:24 PM,33
366,1060,Drive,Dec 17 2024 12:23 PM,35
367,1059,Drive,Dec 17 2024 12:22 PM,41
368,1058,Drive,Dec 17 2024 12:22 PM,33
369,1057,Drive,Dec 17 2024 12:22 PM,32
370,1056,Drive,Dec 17 2024 12:22 PM,30
371,1055,Drive,Dec 17 2024 12:22 PM,30
372,1054,Drive,Dec 17 2024 12:21 PM,35
373,1053,Drive,Dec 17 2024 12:21 PM,30
374,1052,Drive,Dec 17 2024 12:21 PM,28
375,1051,Drive,Dec 17 2024 12:21 PM,32
376,1050,Drive,Dec 17 2024 12:21 PM,30
377,1049,Drive,Dec 17 2024 12:21 PM,32
378,1048,Drive,Dec 17 2024 12:20 PM,59
379,1047,Drive,Dec 17 2024 12:20 PM,38
381,1045,Drive,Dec 17 2024 12:19 PM,41
382,1044,Drive,Dec 17 2024 12:19 PM,35
383,1043,Drive,Dec 17 2024 12:19 PM,32
384,1042,Drive,Dec 17 2024 12:19 PM,33
385,1041,Drive,Dec 17 2024 12:19 PM,33
386,1040,Drive,Dec 17 2024 12:18 PM,33
387,1039,Drive,Dec 17 2024 12:18 PM,33
388,1038,Drive,Dec 17 2024 12:18 PM,43
389,1037,Drive,Dec 17 2024 12:18 PM,33
390,1036,Drive,Dec 17 2024 12:18 PM,33
391,1035,Drive,Dec 17 2024 12:17 PM,33
392,1034,Drive,Dec 17 2024 12:17 PM,35
393,1033,Drive,Dec 17 2024 12:16 PM,30
394,1032,Drive,Dec 17 2024 12:16 PM,20
395,1031,Drive,Dec 17 2024 12:16 PM,30
396,1030,Drive,Dec 17 2024 12:16 PM,25
397,1029,Drive,Dec 17 2024 12:16 PM,30
398,1028,Drive,Dec 17 2024 12:15 PM,30
399,1027,Drive,Dec 17 2024 12:15 PM,35
400,1026,Drive,Dec 17 2024 12:15 PM,32
401,1025,Drive,Dec 17 2024 12:15 PM,35
402,1024,Drive,Dec 17 2024 12:15 PM,37
403,1023,Drive,Dec 17 2024 12:14 PM,35
404,1022,Drive,Dec 17 2024 12:13 PM,25
405,1021,Drive,Dec 17 2024 12:13 PM,33
406,1020,Drive,Dec 17 2024 12:13 PM,35
407,1019,Drive,Dec 17 2024 12:13 PM,33
408,1018,Drive,Dec 17 2024 12:13 PM,32
409,1017,Drive,Dec 17 2024 12:13 PM,33
410,1016,Drive,Dec 17 2024 12:13 PM,35
411,1015,Drive,Dec 17 2024 12:13 PM,33
412,1014,Drive,Dec 17 2024 12:11 PM,41
413,1013,Drive,Dec 17 2024 12:11 PM,38
414,1012,Drive,Dec 17 2024 12:10 PM,27
415,1011,Drive,Dec 17 2024 12:09 PM,38
416,1010,Drive,Dec 17 2024 12:09 PM,35
417,1009,Drive,Dec 17 2024 12:09 PM,33
418,1008,Drive,Dec 17 2024 12:08 PM,30
419,1007,Drive,Dec 17 2024 12:08 PM,37
420,1006,Drive,Dec 17 2024 12:08 PM,41
421,1005,Drive,Dec 17 2024 12:08 PM,33
422,1004,Drive,Dec 17 2024 12:07 PM,17
423,1003,Drive,Dec 17 2024 12:07 PM,45
424,1002,Drive,Dec 17 2024 12:06 PM,35
425,1001,Drive,Dec 17 2024 12:05 PM,40
426,1000,Drive,Dec 17 2024 12:05 PM,41
427,999,Drive,Dec 17 2024 12:05 PM,37
429,997,Drive,Dec 17 2024 12:05 PM,38
430,996,Drive,Dec 17 2024 12:05 PM,41
431,995,Drive,Dec 17 2024 12:05 PM,35
432,994,Drive,Dec 17 2024 12:04 PM,37
433,993,Drive,Dec 17 2024 12:03 PM,35
434,992,Drive,Dec 17 2024 12:03 PM,33
435,991,Drive,Dec 17 2024 12:03 PM,41
439,987,Drive,Dec 17 2024 11:59 AM,22
440,986,Drive,Dec 17 2024 11:59 AM,24
441,985,Drive,Dec 17 2024 11:59 AM,28
442,984,Drive,Dec 17 2024 11:58 AM,33
443,983,Drive,Dec 17 2024 11:58 AM,30
444,982,Drive,Dec 17 2024 11:57 AM,22
445,981,Drive,Dec 17 2024 11:57 AM,37
446,980,Drive,Dec 17 2024 11:57 AM,35
447,979,Drive,Dec 17 2024 11:57 AM,35
448,978,Drive,Dec 17 2024 11:56 AM,25
449,977,Drive,Dec 17 2024 11:56 AM,25
450,976,Drive,Dec 17 2024 11:56 AM,25
451,975,Drive,Dec 17 2024 11:56 AM,33
452,974,Drive,Dec 17 2024 11:55 AM,46
453,973,Drive,Dec 17 2024 11:54 AM,28
454,972,Drive,Dec 17 2024 11:53 AM,25
455,971,Drive,Dec 17 2024 11:53 AM,22
456,970,Drive,Dec 17 2024 11:52 AM,45
457,969,Drive,Dec 17 2024 11:50 AM,28
458,968,Drive,Dec 17 2024 11:50 AM,32
459,967,Drive,Dec 17 2024 11:50 AM,35
460,966,Drive,Dec 17 2024 11:50 AM,30
461,965,Drive,Dec 17 2024 11:50 AM,32
462,964,Drive,Dec 17 2024 11:49 AM,32
463,963,Drive,Dec 17 2024 11:49 AM,30
464,962,Drive,Dec 17 2024 11:48 AM,24
465,961,Drive,Dec 17 2024 11:47 AM,22
466,960,Drive,Dec 17 2024 11:47 AM,20
467,959,Drive,Dec 17 2024 11:47 AM,22
468,958,Drive,Dec 17 2024 11:47 AM,22
469,957,Drive,Dec 17 2024 11:47 AM,22
470,956,Drive,Dec 17 2024 11:47 AM,22
471,955,Drive,Dec 17 2024 11:46 AM,33
472,954,Drive,Dec 17 2024 11:46 AM,28
473,953,Drive,Dec 17 2024 11:46 AM,22
474,952,Drive,Dec 17 2024 11:45 AM,22
475,951,Drive,Dec 17 2024 11:45 AM,25
476,950,Drive,Dec 17 2024 11:45 AM,20
477,949,Drive,Dec 17 2024 11:44 AM,22
478,948,Drive,Dec 17 2024 11:44 AM,22
479,947,Drive,Dec 17 2024 11:44 AM,25
480,946,Drive,Dec 17 2024 11:44 AM,25
481,945,Drive,Dec 17 2024 11:44 AM,25
482,944,Drive,Dec 17 2024 11:43 AM,25
483,943,Drive,Dec 17 2024 11:43 AM,30
484,942,Drive,Dec 17 2024 11:42 AM,30
485,941,Drive,Dec 17 2024 11:42 AM,30
486,940,Drive,Dec 17 2024 11:42 AM,28
487,939,Drive,Dec 17 2024 11:41 AM,28
488,938,Drive,Dec 17 2024 11:41 AM,32
489,937,Drive,Dec 17 2024 11:41 AM,25
490,936,Drive,Dec 17 2024 11:40 AM,24
491,935,Drive,Dec 17 2024 11:40 AM,22
492,934,Drive,Dec 17 2024 11:40 AM,22
493,933,Drive,Dec 17 2024 11:40 AM,25
494,932,Drive,Dec 17 2024 11:39 AM,30
495,931,Drive,Dec 17 2024 11:38 AM,27
496,930,Drive,Dec 17 2024 11:38 AM,24
497,929,Drive,Dec 17 2024 11:38 AM,19
498,928,Drive,Dec 17 2024 11:38 AM,17
499,927,Drive,Dec 17 2024 11:36 AM,27
500,926,Drive,Dec 17 2024 11:36 AM,22
501,925,Drive,Dec 17 2024 11:36 AM,20
502,924,Drive,Dec 17 2024 11:36 AM,22
503,923,Drive,Dec 17 2024 11:35 AM,20
504,922,Drive,Dec 17 2024 11:35 AM,35
505,921,Drive,Dec 17 2024 11:35 AM,40
506,920,Drive,Dec 17 2024 11:35 AM,37
507,919,Drive,Dec 17 2024 11:34 AM,37
508,918,Drive,Dec 17 2024 11:34 AM,40
509,917,Drive,Dec 17 2024 11:34 AM,38
510,916,Drive,Dec 17 2024 11:33 AM,38
511,915,Drive,Dec 17 2024 11:33 AM,30
512,914,Drive,Dec 17 2024 11:33 AM,30
513,913,Drive,Dec 17 2024 11:32 AM,28
514,912,Drive,Dec 17 2024 11:32 AM,28
515,911,Drive,Dec 17 2024 11:32 AM,27
516,910,Drive,Dec 17 2024 11:31 AM,32
517,909,Drive,Dec 17 2024 11:30 AM,25
518,908,Drive,Dec 17 2024 11:30 AM,28
519,907,Drive,Dec 17 2024 11:30 AM,28
520,906,Drive,Dec 17 2024 11:30 AM,30
521,905,Drive,Dec 17 2024 11:29 AM,32
522,904,Drive,Dec 17 2024 11:29 AM,28
523,903,Drive,Dec 17 2024 11:29 AM,30
524,902,Drive,Dec 17 2024 11:29 AM,28
525,901,Drive,Dec 17 2024 11:27 AM,30
526,900,Drive,Dec 17 2024 11:26 AM,30
527,899,Drive,Dec 17 2024 11:26 AM,22
528,898,Drive,Dec 17 2024 11:25 AM,14
529,897,Drive,Dec 17 2024 11:23 AM,54
530,896,Drive,Dec 17 2024 11:23 AM,51
532,894,Drive,Dec 17 2024 11:22 AM,40
534,892,Drive,Dec 17 2024 11:22 AM,41
535,891,Drive,Dec 17 2024 11:22 AM,45
536,890,Drive,Dec 17 2024 11:20 AM,37
537,889,Drive,Dec 17 2024 11:19 AM,27
538,888,Drive,Dec 17 2024 11:17 AM,45
539,887,Drive,Dec 17 2024 11:17 AM,43
540,886,Drive,Dec 17 2024 11:16 AM,49
541,885,Drive,Dec 17 2024 11:16 AM,43
542,884,Drive,Dec 17 2024 11:16 AM,48
543,883,Drive,Dec 17 2024 11:16 AM,45
544,882,Drive,Dec 17 2024 11:15 AM,57
545,881,Drive,Dec 17 2024 11:13 AM,11
546,880,Drive,Dec 17 2024 11:11 AM,32
547,879,Drive,Dec 17 2024 11:09 AM,62
548,878,Drive,Dec 17 2024 11:08 AM,49
549,877,Drive,Dec 17 2024 11:08 AM,46
550,876,Drive,Dec 17 2024 11:07 AM,17
551,875,Drive,Dec 17 2024 11:07 AM,25
557,869,Drive,Dec 17 2024 10:50 AM,48
558,868,Drive,Dec 17 2024 10:49 AM,54
559,867,Drive,Dec 17 2024 10:49 AM,33
560,866,Drive,Dec 17 2024 10:49 AM,32
561,865,Drive,Dec 17 2024 10:48 AM,28
562,864,Drive,Dec 17 2024 10:48 AM,40
563,863,Drive,Dec 17 2024 10:47 AM,33
564,862,Drive,Dec 17 2024 10:47 AM,38
565,861,Drive,Dec 17 2024 10:47 AM,38
566,860,Drive,Dec 17 2024 10:47 AM,37
567,859,Drive,Dec 17 2024 10:47 AM,41
568,858,Drive,Dec 17 2024 10:47 AM,35
569,857,Drive,Dec 17 2024 10:46 AM,38
570,856,Drive,Dec 17 2024 10:46 AM,35
571,855,Drive,Dec 17 2024 10:46 AM,49
572,854,Drive,Dec 17 2024 10:45 AM,49
573,853,Drive,Dec 17 2024 10:45 AM,37
574,852,Drive,Dec 17 2024 10:44 AM,43
575,851,Drive,Dec 17 2024 10:44 AM,38
576,850,Drive,Dec 17 2024 10:44 AM,40
577,849,Drive,Dec 17 2024 10:44 AM,62
578,848,Drive,Dec 17 2024 10:43 AM,54
579,847,Drive,Dec 17 2024 10:43 AM,38
580,846,Drive,Dec 17 2024 10:43 AM,40
581,845,Drive,Dec 17 2024 10:42 AM,57
582,844,Drive,Dec 17 2024 10:42 AM,53
583,843,Drive,Dec 17 2024 10:41 AM,54
584,842,Drive,Dec 17 2024 10:41 AM,57
585,841,Drive,Dec 17 2024 10:40 AM,53
586,840,Drive,Dec 17 2024 10:40 AM,40
587,839,Drive,Dec 17 2024 10:38 AM,32
588,838,Drive,Dec 17 2024 10:38 AM,33
589,837,Drive,Dec 17 2024 10:38 AM,14
590,836,Drive,Dec 17 2024 10:37 AM,35
591,835,Drive,Dec 17 2024 10:37 AM,33
592,834,Drive,Dec 17 2024 10:37 AM,32
593,833,Drive,Dec 17 2024 10:37 AM,32
594,832,Drive,Dec 17 2024 10:37 AM,33
595,831,Drive,Dec 17 2024 10:36 AM,33
596,830,Drive,Dec 17 2024 10:36 AM,35
597,829,Drive,Dec 17 2024 10:36 AM,38
598,828,Drive,Dec 17 2024 10:34 AM,40
599,827,Drive,Dec 17 2024 10:33 AM,38
600,826,Drive,Dec 17 2024 10:33 AM,38
601,825,Drive,Dec 17 2024 10:32 AM,27
602,824,Drive,Dec 17 2024 10:32 AM,33
603,823,Drive,Dec 17 2024 10:31 AM,40
604,822,Drive,Dec 17 2024 10:29 AM,9
605,821,Drive,Dec 17 2024 10:27 AM,62
606,820,Drive,Dec 17 2024 10:27 AM,57
607,819,Drive,Dec 17 2024 10:26 AM,59
608,818,Drive,Dec 17 2024 10:25 AM,37
609,817,Drive,Dec 17 2024 10:24 AM,49
610,816,Drive,Dec 17 2024 10:23 AM,57
614,812,Drive,Dec 17 2024 10:19 AM,14
615,811,Drive,Dec 17 2024 10:19 AM,48
616,810,Drive,Dec 17 2024 10:18 AM,56
618,808,Drive,Dec 17 2024 10:17 AM,46
619,807,Drive,Dec 17 2024 10:17 AM,48
620,806,Drive,Dec 17 2024 10:16 AM,48
621,805,Drive,Dec 17 2024 10:15 AM,22
622,804,Drive,Dec 17 2024 10:14 AM,17
623,803,Drive,Dec 17 2024 10:12 AM,69
624,802,Drive,Dec 17 2024 10:12 AM,57
625,801,Drive,Dec 17 2024 10:11 AM,51
626,800,Drive,Dec 17 2024 10:11 AM,45
627,799,Drive,Dec 17 2024 10:10 AM,54
628,798,Drive,Dec 17 2024 10:08 AM,33
631,795,Drive,Dec 17 2024 10:03 AM,57
632,794,Drive,Dec 17 2024 10:01 AM,14
633,793,Drive,Dec 17 2024 09:59 AM,54
634,792,Drive,Dec 17 2024 09:58 AM,67
635,791,Drive,Dec 17 2024 09:58 AM,65
636,790,Drive,Dec 17 2024 09:57 AM,43
637,789,Drive,Dec 17 2024 09:55 AM,59
638,788,Drive,Dec 17 2024 09:53 AM,46
639,787,Drive,Dec 17 2024 09:52 AM,22
640,786,Drive,Dec 17 2024 09:50 AM,28
641,785,Drive,Dec 17 2024 09:49 AM,30
642,784,Drive,Dec 17 2024 09:47 AM,14
643,783,Drive,Dec 17 2024 09:46 AM,48
644,782,Drive,Dec 17 2024 09:44 AM,65
645,781,Drive,Dec 17 2024 09:43 AM,70
646,780,Drive,Dec 17 2024 09:42 AM,48
647,779,Drive,Dec 17 2024 09:41 AM,59
651,775,Drive,Dec 17 2024 09:32 AM,49
652,774,Drive,Dec 17 2024 09:31 AM,45
657,769,Drive,Dec 17 2024 09:25 AM,43
658,768,Drive,Dec 17 2024 09:23 AM,62
659,767,Drive,Dec 17 2024 09:21 AM,43
660,766,Drive,Dec 17 2024 09:19 AM,64
661,765,Drive,Dec 17 2024 09:18 AM,43
662,764,Drive,Dec 17 2024 09:16 AM,51
663,763,Drive,Dec 17 2024 09:16 AM,49
664,762,Drive,Dec 17 2024 09:16 AM,62
665,761,Drive,Dec 17 2024 09:15 AM,57
666,760,Drive,Dec 17 2024 09:13 AM,57
667,759,Drive,Dec 17 2024 09:11 AM,49
668,758,Drive,Dec 17 2024 09:09 AM,59
669,757,Drive,Dec 17 2024 09:08 AM,46
670,756,Drive,Dec 17 2024 09:08 AM,43
671,755,Drive,Dec 17 2024 09:07 AM,37
672,754,Drive,Dec 17 2024 09:06 AM,22
673,753,Drive,Dec 17 2024 09:04 AM,30
674,752,Drive,Dec 17 2024 09:04 AM,37
677,749,Drive,Dec 17 2024 09:00 AM,45
678,748,Drive,Dec 17 2024 09:00 AM,54
679,747,Drive,Dec 17 2024 08:58 AM,59
680,746,Drive,Dec 17 2024 08:56 AM,43
681,745,Drive,Dec 17 2024 08:54 AM,43
682,744,Drive,Dec 17 2024 08:54 AM,41
683,743,Drive,Dec 17 2024 08:54 AM,46
684,742,Drive,Dec 17 2024 08:52 AM,61
685,741,Drive,Dec 17 2024 08:52 AM,28
686,740,Drive,Dec 17 2024 08:51 AM,35
687,739,Drive,Dec 17 2024 08:51 AM,38
688,738,Drive,Dec 17 2024 08:50 AM,20
689,737,Drive,Dec 17 2024 08:50 AM,14
690,736,Drive,Dec 17 2024 08:49 AM,28
691,735,Drive,Dec 17 2024 08:49 AM,32
692,734,Drive,Dec 17 2024 08:48 AM,56
693,733,Drive,Dec 17 2024 08:47 AM,54
694,732,Drive,Dec 17 2024 08:46 AM,62
695,731,Drive,Dec 17 2024 08:45 AM,61
696,730,Drive,Dec 17 2024 08:45 AM,67
697,729,Drive,Dec 17 2024 08:43 AM,53
700,726,Drive,Dec 17 2024 08:39 AM,32
704,722,Drive,Dec 17 2024 08:34 AM,59
705,721,Drive,Dec 17 2024 08:33 AM,62
706,720,Drive,Dec 17 2024 08:33 AM,57
707,719,Drive,Dec 17 2024 08:33 AM,48
708,718,Drive,Dec 17 2024 08:31 AM,40
709,717,Drive,Dec 17 2024 08:29 AM,37
710,716,Drive,Dec 17 2024 08:27 AM,35
711,715,Drive,Dec 17 2024 08:27 AM,41
712,714,Drive,Dec 17 2024 08:25 AM,59
715,711,Drive,Dec 17 2024 08:20 AM,46
716,710,Drive,Dec 17 2024 08:18 AM,62
717,709,Drive,Dec 17 2024 08:16 AM,54
718,708,Drive,Dec 17 2024 08:15 AM,17
719,707,Drive,Dec 17 2024 08:13 AM,43
720,706,Drive,Dec 17 2024 08:11 AM,38
721,705,Drive,Dec 17 2024 08:09 AM,65
722,704,Drive,Dec 17 2024 08:08 AM,64
723,703,Drive,Dec 17 2024 08:08 AM,59
724,702,Drive,Dec 17 2024 08:06 AM,57
725,701,Drive,Dec 17 2024 08:05 AM,61
726,700,Drive,Dec 17 2024 08:04 AM,62
727,699,Drive,Dec 17 2024 08:03 AM,67
728,698,Drive,Dec 17 2024 08:02 AM,49
729,697,Drive,Dec 17 2024 08:01 AM,46
730,696,Drive,Dec 17 2024 08:01 AM,46
731,695,Drive,Dec 17 2024 08:00 AM,56
732,694,Drive,Dec 17 2024 07:59 AM,61
733,693,Drive,Dec 17 2024 07:57 AM,40
734,692,Drive,Dec 17 2024 07:57 AM,37
736,690,Drive,Dec 17 2024 07:56 AM,32
737,689,Drive,Dec 17 2024 07:54 AM,62
739,687,Drive,Dec 17 2024 07:53 AM,46
745,681,Drive,Dec 17 2024 07:46 AM,35
747,679,Drive,Dec 17 2024 07:46 AM,61
748,678,Drive,Dec 17 2024 07:44 AM,53
749,677,Drive,Dec 17 2024 07:42 AM,67
750,676,Drive,Dec 17 2024 07:40 AM,40
751,675,Drive,Dec 17 2024 07:40 AM,30
752,674,Drive,Dec 17 2024 07:38 AM,69
753,673,Drive,Dec 17 2024 07:37 AM,53
755,671,Drive,Dec 17 2024 07:35 AM,57
756,670,Drive,Dec 17 2024 07:33 AM,49
757,669,Drive,Dec 17 2024 07:31 AM,53
758,668,Drive,Dec 17 2024 07:30 AM,59
759,667,Drive,Dec 17 2024 07:28 AM,59
760,666,Drive,Dec 17 2024 07:26 AM,69
761,665,Drive,Dec 17 2024 07:25 AM,40
762,664,Drive,Dec 17 2024 07:24 AM,35
763,663,Drive,Dec 17 2024 07:22 AM,59
764,662,Drive,Dec 17 2024 07:20 AM,56
765,661,Drive,Dec 17 2024 07:18 AM,54
766,660,Drive,Dec 17 2024 07:16 AM,30
770,656,Drive,Dec 17 2024 07:10 AM,30
773,653,Drive,Dec 17 2024 07:08 AM,14
774,652,Drive,Dec 17 2024 07:06 AM,43
775,651,Drive,Dec 17 2024 07:04 AM,51
776,650,Drive,Dec 17 2024 07:02 AM,54
777,649,Drive,Dec 17 2024 07:00 AM,43
778,648,Drive,Dec 17 2024 06:58 AM,51
779,647,Drive,Dec 17 2024 06:56 AM,46
780,646,Drive,Dec 17 2024 06:54 AM,41
781,645,Drive,Dec 17 2024 06:52 AM,22
782,644,Drive,Dec 17 2024 06:50 AM,62
783,643,Drive,Dec 17 2024 06:48 AM,57
784,642,Drive,Dec 17 2024 06:47 AM,27
785,641,Drive,Dec 17 2024 06:45 AM,67
786,640,Drive,Dec 17 2024 06:43 AM,41
787,639,Drive,Dec 17 2024 06:41 AM,40
788,638,Drive,Dec 17 2024 06:41 AM,38
789,637,Drive,Dec 17 2024 06:40 AM,51
790,636,Drive,Dec 17 2024 06:40 AM,51
791,635,Drive,Dec 17 2024 06:38 AM,41
792,634,Drive,Dec 17 2024 06:36 AM,25
793,633,Drive,Dec 17 2024 06:36 AM,45
794,632,Drive,Dec 17 2024 06:35 AM,45
795,631,Drive,Dec 17 2024 06:35 AM,53
796,630,Drive,Dec 17 2024 06:34 AM,54
797,629,Drive,Dec 17 2024 06:33 AM,48
798,628,Drive,Dec 17 2024 06:33 AM,38
799,627,Drive,Dec 17 2024 06:31 AM,54
800,626,Drive,Dec 17 2024 06:29 AM,48
801,625,Drive,Dec 17 2024 06:29 AM,61
802,624,Drive,Dec 17 2024 06:28 AM,65
803,623,Drive,Dec 17 2024 06:28 AM,54
804,622,Drive,Dec 17 2024 06:27 AM,57
805,621,Drive,Dec 17 2024 06:26 AM,43
806,620,Drive,Dec 17 2024 06:25 AM,33
807,619,Drive,Dec 17 2024 06:24 AM,17
808,618,Drive,Dec 17 2024 06:23 AM,49
809,617,Drive,Dec 17 2024 06:22 AM,25
810,616,Drive,Dec 17 2024 06:22 AM,25
811,615,Drive,Dec 17 2024 06:22 AM,22
812,614,Drive,Dec 17 2024 06:22 AM,28
813,613,Drive,Dec 17 2024 06:22 AM,20
814,612,Drive,Dec 17 2024 06:22 AM,17
815,611,Drive,Dec 17 2024 06:21 AM,22
816,610,Drive,Dec 17 2024 06:20 AM,20
817,609,Drive,Dec 17 2024 06:20 AM,19
818,608,Drive,Dec 17 2024 06:20 AM,19
819,607,Drive,Dec 17 2024 06:20 AM,14
820,606,Drive,Dec 17 2024 06:20 AM,25
821,605,Drive,Dec 17 2024 06:19 AM,28
822,604,Drive,Dec 17 2024 06:19 AM,22
823,603,Drive,Dec 17 2024 06:19 AM,22
824,602,Drive,Dec 17 2024 06:19 AM,22
825,601,Drive,Dec 17 2024 06:18 AM,17
826,600,Drive,Dec 17 2024 06:18 AM,25
827,599,Drive,Dec 17 2024 06:17 AM,25
828,598,Drive,Dec 17 2024 06:17 AM,41
829,597,Drive,Dec 17 2024 06:17 AM,30
830,596,Drive,Dec 17 2024 06:17 AM,25
831,595,Drive,Dec 17 2024 06:17 AM,25
832,594,Drive,Dec 17 2024 06:16 AM,30
833,593,Drive,Dec 17 2024 06:16 AM,28
834,592,Drive,Dec 17 2024 06:16 AM,27
835,591,Drive,Dec 17 2024 06:16 AM,27
836,590,Drive,Dec 17 2024 06:16 AM,28
837,589,Drive,Dec 17 2024 06:16 AM,25
838,588,Drive,Dec 17 2024 06:15 AM,16
839,587,Drive,Dec 17 2024 06:15 AM,14
840,586,Drive,Dec 17 2024 06:15 AM,14
841,585,Drive,Dec 17 2024 06:15 AM,28
842,584,Drive,Dec 17 2024 06:14 AM,40
843,583,Drive,Dec 17 2024 06:13 AM,28
844,582,Drive,Dec 17 2024 06:13 AM,30
845,581,Drive,Dec 17 2024 06:13 AM,28
846,580,Drive,Dec 17 2024 06:13 AM,11
847,579,Drive,Dec 17 2024 06:12 AM,9
848,578,Drive,Dec 17 2024 06:10 AM,14
849,577,Drive,Dec 17 2024 06:10 AM,16
850,576,Drive,Dec 17 2024 06:10 AM,17
851,575,Drive,Dec 17 2024 06:10 AM,17
852,574,Drive,Dec 17 2024 06:09 AM,17
853,573,Drive,Dec 17 2024 06:09 AM,17
854,572,Drive,Dec 17 2024 06:09 AM,17
855,571,Drive,Dec 17 2024 06:09 AM,19
856,570,Drive,Dec 17 2024 06:09 AM,22
857,569,Drive,Dec 17 2024 06:07 AM,25
858,568,Drive,Dec 17 2024 06:07 AM,22
859,567,Drive,Dec 17 2024 06:07 AM,20
860,566,Drive,Dec 17 2024 06:06 AM,19
861,565,Drive,Dec 17 2024 06:06 AM,17
862,564,Drive,Dec 17 2024 06:06 AM,22
863,563,Drive,Dec 17 2024 06:06 AM,25
864,562,Drive,Dec 17 2024 06:06 AM,28
865,561,Drive,Dec 17 2024 06:05 AM,30
866,560,Drive,Dec 17 2024 06:05 AM,17
867,559,Drive,Dec 17 2024 06:05 AM,14
868,558,Drive,Dec 17 2024 06:05 AM,16
869,557,Drive,Dec 17 2024 06:05 AM,17
870,556,Drive,Dec 17 2024 06:05 AM,20
871,555,Drive,Dec 17 2024 06:04 AM,20
872,554,Drive,Dec 17 2024 06:04 AM,22
873,553,Drive,Dec 17 2024 06:04 AM,22
874,552,Drive,Dec 17 2024 06:04 AM,22
875,551,Drive,Dec 17 2024 06:04 AM,20
876,550,Drive,Dec 17 2024 06:04 AM,22
877,549,Drive,Dec 17 2024 06:04 AM,19
878,548,Drive,Dec 17 2024 06:03 AM,27
879,547,Drive,Dec 17 2024 06:03 AM,17
880,546,Drive,Dec 17 2024 06:03 AM,14
881,545,Drive,Dec 17 2024 06:03 AM,16
882,544,Drive,Dec 17 2024 06:03 AM,20
883,543,Drive,Dec 17 2024 06:02 AM,22
884,542,Drive,Dec 17 2024 06:02 AM,25
885,541,Drive,Dec 17 2024 06:02 AM,24
886,540,Drive,Dec 17 2024 06:02 AM,25
887,539,Drive,Dec 17 2024 06:02 AM,22
888,538,Drive,Dec 17 2024 06:02 AM,16
889,537,Drive,Dec 17 2024 06:02 AM,14
890,536,Drive,Dec 17 2024 06:01 AM,14
891,535,Drive,Dec 17 2024 06:01 AM,17
892,534,Drive,Dec 17 2024 06:00 AM,14
893,533,Drive,Dec 17 2024 06:00 AM,11
898,528,Drive,Dec 17 2024 05:53 AM,38
923,503,Drive,Dec 17 2024 04:04 AM,49
924,502,Drive,Dec 17 2024 04:04 AM,46
925,501,Drive,Dec 17 2024 04:03 AM,32
926,500,Drive,Dec 17 2024 04:01 AM,51
927,499,Drive,Dec 17 2024 03:59 AM,51
928,498,Drive,Dec 17 2024 03:57 AM,46
929,497,Drive,Dec 17 2024 03:56 AM,59
930,496,Drive,Dec 17 2024 03:55 AM,35
931,495,Drive,Dec 17 2024 03:54 AM,43
932,494,Drive,Dec 17 2024 03:52 AM,30
933,493,Drive,Dec 17 2024 03:52 AM,54
934,492,Drive,Dec 17 2024 03:52 AM,43
936,490,Drive,Dec 17 2024 03:51 AM,19
937,489,Drive,Dec 17 2024 03:51 AM,24
938,488,Drive,Dec 17 2024 03:51 AM,30
939,487,Drive,Dec 17 2024 03:49 AM,32
940,486,Drive,Dec 17 2024 03:48 AM,41
941,485,Drive,Dec 17 2024 03:48 AM,35
942,484,Drive,Dec 17 2024 03:47 AM,41
943,483,Drive,Dec 17 2024 03:46 AM,41
944,482,Drive,Dec 17 2024 03:46 AM,43
945,481,Drive,Dec 17 2024 03:44 AM,38
946,480,Drive,Dec 17 2024 03:43 AM,46
947,479,Drive,Dec 17 2024 03:41 AM,35
948,478,Drive,Dec 17 2024 03:39 AM,43
949,477,Drive,Dec 17 2024 03:38 AM,41
950,476,Drive,Dec 17 2024 03:38 AM,45
951,475,Drive,Dec 17 2024 03:38 AM,38
952,474,Drive,Dec 17 2024 03:37 AM,46
956,470,Drive,Dec 17 2024 03:32 AM,38
958,468,Drive,Dec 17 2024 03:32 AM,22
959,467,Drive,Dec 17 2024 03:31 AM,17
960,466,Drive,Dec 17 2024 03:30 AM,22
961,465,Drive,Dec 17 2024 03:30 AM,28
962,464,Drive,Dec 17 2024 03:29 AM,30
963,463,Drive,Dec 17 2024 03:29 AM,28
964,462,Drive,Dec 17 2024 03:29 AM,27
965,461,Drive,Dec 17 2024 03:28 AM,37
966,460,Drive,Dec 17 2024 03:26 AM,46
967,459,Drive,Dec 17 2024 03:26 AM,38
968,458,Drive,Dec 17 2024 03:26 AM,46
969,457,Drive,Dec 17 2024 03:24 AM,28
970,456,Drive,Dec 17 2024 03:22 AM,33
971,455,Drive,Dec 17 2024 03:22 AM,22
972,454,Drive,Dec 17 2024 03:22 AM,22
973,453,Drive,Dec 17 2024 03:22 AM,17
974,452,Drive,Dec 17 2024 03:21 AM,20
975,451,Drive,Dec 17 2024 03:21 AM,32
976,450,Drive,Dec 17 2024 03:21 AM,28
977,449,Drive,Dec 17 2024 03:21 AM,30
978,448,Drive,Dec 17 2024 03:21 AM,28
979,447,Drive,Dec 17 2024 03:21 AM,27
980,446,Drive,Dec 17 2024 03:20 AM,38
981,445,Drive,Dec 17 2024 03:20 AM,22
982,444,Drive,Dec 17 2024 03:19 AM,43
983,443,Drive,Dec 17 2024 03:19 AM,30
984,442,Drive,Dec 17 2024 03:19 AM,25
985,441,Drive,Dec 17 2024 03:19 AM,28
986,440,Drive,Dec 17 2024 03:19 AM,25
987,439,Drive,Dec 17 2024 03:17 AM,33
988,438,Drive,Dec 17 2024 03:17 AM,27
989,437,Drive,Dec 17 2024 03:17 AM,24
990,436,Drive,Dec 17 2024 03:17 AM,14
991,435,Drive,Dec 17 2024 03:17 AM,22
992,434,Drive,Dec 17 2024 03:16 AM,25
993,433,Drive,Dec 17 2024 03:16 AM,43
994,432,Drive,Dec 17 2024 03:16 AM,25
995,431,Drive,Dec 17 2024 03:15 AM,25
996,430,Drive,Dec 17 2024 03:15 AM,20
997,429,Drive,Dec 17 2024 03:15 AM,25
998,428,Drive,Dec 17 2024 03:15 AM,28
999,427,Drive,Dec 17 2024 03:15 AM,25
1000,426,Drive,Dec 17 2024 03:15 AM,28
1001,425,Drive,Dec 17 2024 03:14 AM,27
1002,424,Drive,Dec 17 2024 03:14 AM,28
1003,423,Drive,Dec 17 2024 03:14 AM,25
1004,422,Drive,Dec 17 2024 03:14 AM,27
1005,421,Drive,Dec 17 2024 03:14 AM,41
1006,420,Drive,Dec 17 2024 03:14 AM,30
1007,419,Drive,Dec 17 2024 03:13 AM,22
1008,418,Drive,Dec 17 2024 03:12 AM,41
1009,417,Drive,Dec 17 2024 03:12 AM,28
1010,416,Drive,Dec 17 2024 03:12 AM,28
1011,415,Drive,Dec 17 2024 03:11 AM,28
1012,414,Drive,Dec 17 2024 03:10 AM,38
1013,413,Drive,Dec 17 2024 03:10 AM,40
1014,412,Drive,Dec 17 2024 03:09 AM,24
1015,411,Drive,Dec 17 2024 03:09 AM,33
1016,410,Drive,Dec 17 2024 03:09 AM,35
1017,409,Drive,Dec 17 2024 03:08 AM,33
1018,408,Drive,Dec 17 2024 03:08 AM,38
1019,407,Drive,Dec 17 2024 03:08 AM,33
1020,406,Drive,Dec 17 2024 03:08 AM,41
1021,405,Drive,Dec 17 2024 03:07 AM,28
1022,404,Drive,Dec 17 2024 03:07 AM,22
1023,403,Drive,Dec 17 2024 03:07 AM,35
1024,402,Drive,Dec 17 2024 03:06 AM,30
1025,401,Drive,Dec 17 2024 03:06 AM,25
1026,400,Drive,Dec 17 2024 03:06 AM,27
1027,399,Drive,Dec 17 2024 03:06 AM,28
1028,398,Drive,Dec 17 2024 03:06 AM,22
1029,397,Drive,Dec 17 2024 03:06 AM,33
1030,396,Drive,Dec 17 2024 03:05 AM,25
1031,395,Drive,Dec 17 2024 03:05 AM,25
1032,394,Drive,Dec 17 2024 03:04 AM,28
1033,393,Drive,Dec 17 2024 03:04 AM,25
1034,392,Drive,Dec 17 2024 03:04 AM,25
1035,391,Drive,Dec 17 2024 03:03 AM,27
1036,390,Drive,Dec 17 2024 03:03 AM,17
1037,389,Drive,Dec 17 2024 03:02 AM,0
1038,388,Drive,Dec 17 2024 03:02 AM,40
1039,387,Drive,Dec 17 2024 03:02 AM,28
1040,386,Drive,Dec 17 2024 03:01 AM,35
1041,385,Drive,Dec 17 2024 03:01 AM,35
1042,384,Drive,Dec 17 2024 02:59 AM,27
1043,383,Drive,Dec 17 2024 02:59 AM,32
1044,382,Drive,Dec 17 2024 02:59 AM,28
1045,381,Drive,Dec 17 2024 02:59 AM,27
1046,380,Drive,Dec 17 2024 02:58 AM,33
1047,379,Drive,Dec 17 2024 02:58 AM,33
1048,378,Drive,Dec 17 2024 02:58 AM,30
1049,377,Drive,Dec 17 2024 02:58 AM,30
1050,376,Drive,Dec 17 2024 02:58 AM,25
1051,375,Drive,Dec 17 2024 02:58 AM,33
1052,374,Drive,Dec 17 2024 02:58 AM,33
1053,373,Drive,Dec 17 2024 02:57 AM,20
1054,372,Drive,Dec 17 2024 02:57 AM,37
1055,371,Drive,Dec 17 2024 02:57 AM,30
1056,370,Drive,Dec 17 2024 02:57 AM,25
1057,369,Drive,Dec 17 2024 02:56 AM,32
1058,368,Drive,Dec 17 2024 02:56 AM,28
1059,367,Drive,Dec 17 2024 02:56 AM,22
1060,366,Drive,Dec 17 2024 02:56 AM,22
1061,365,Drive,Dec 17 2024 02:56 AM,19
1062,364,Drive,Dec 17 2024 02:55 AM,33
1063,363,Drive,Dec 17 2024 02:55 AM,30
1064,362,Drive,Dec 17 2024 02:55 AM,33
1065,361,Drive,Dec 17 2024 02:55 AM,30
1066,360,Drive,Dec 17 2024 02:55 AM,35
1067,359,Drive,Dec 17 2024 02:53 AM,33
1070,356,Drive,Dec 17 2024 02:51 AM,35
1071,355,Drive,Dec 17 2024 02:50 AM,30
1072,354,Drive,Dec 17 2024 02:50 AM,25
1073,353,Drive,Dec 17 2024 02:50 AM,22
1074,352,Drive,Dec 17 2024 02:49 AM,20
1075,351,Drive,Dec 17 2024 02:48 AM,22
1076,350,Drive,Dec 17 2024 02:48 AM,27
1077,349,Drive,Dec 17 2024 02:48 AM,27
1078,348,Drive,Dec 17 2024 02:48 AM,28
1079,347,Drive,Dec 17 2024 02:48 AM,24
1080,346,Drive,Dec 17 2024 02:48 AM,22
1081,345,Drive,Dec 17 2024 02:48 AM,22
1082,344,Drive,Dec 17 2024 02:48 AM,22
1083,343,Drive,Dec 17 2024 02:47 AM,24
1084,342,Drive,Dec 17 2024 02:47 AM,22
1085,341,Drive,Dec 17 2024 02:47 AM,30
1086,340,Drive,Dec 17 2024 02:46 AM,28
1087,339,Drive,Dec 17 2024 02:46 AM,27
1088,338,Drive,Dec 17 2024 02:45 AM,30
1089,337,Drive,Dec 17 2024 02:45 AM,20
1090,336,Drive,Dec 17 2024 02:44 AM,19
1091,335,Drive,Dec 17 2024 02:44 AM,38
1092,334,Drive,Dec 17 2024 02:43 AM,25
1093,333,Drive,Dec 17 2024 02:43 AM,24
1094,332,Drive,Dec 17 2024 02:43 AM,28
1095,331,Drive,Dec 17 2024 02:42 AM,25
1096,330,Drive,Dec 17 2024 02:42 AM,33
1097,329,Drive,Dec 17 2024 02:42 AM,25
1100,326,Drive,Dec 17 2024 02:40 AM,14
1101,325,Drive,Dec 17 2024 02:39 AM,25
1102,324,Drive,Dec 17 2024 02:39 AM,33
1103,323,Drive,Dec 17 2024 02:38 AM,35
1104,322,Drive,Dec 17 2024 02:38 AM,33
1105,321,Drive,Dec 17 2024 02:38 AM,32
1108,318,Drive,Dec 17 2024 02:31 AM,33
1109,317,Drive,Dec 17 2024 02:29 AM,43
1114,312,Drive,Dec 17 2024 02:26 AM,17
1115,311,Drive,Dec 17 2024 02:26 AM,38
1116,310,Drive,Dec 17 2024 02:25 AM,35
1117,309,Drive,Dec 17 2024 02:25 AM,35
1118,308,Drive,Dec 17 2024 02:24 AM,38
1119,307,Drive,Dec 17 2024 02:24 AM,35
1120,306,Drive,Dec 17 2024 02:24 AM,28
1122,304,Drive,Dec 17 2024 02:23 AM,0
1123,303,Drive,Dec 17 2024 02:23 AM,30
1124,302,Drive,Dec 17 2024 02:23 AM,28
1125,301,Drive,Dec 17 2024 02:23 AM,28
1126,300,Drive,Dec 17 2024 02:22 AM,25
1127,299,Drive,Dec 17 2024 02:22 AM,25
1128,298,Drive,Dec 17 2024 02:22 AM,30
1129,297,Drive,Dec 17 2024 02:22 AM,30
1130,296,Drive,Dec 17 2024 02:22 AM,30
1131,295,Drive,Dec 17 2024 02:22 AM,28
1132,294,Drive,Dec 17 2024 02:21 AM,25
1133,293,Drive,Dec 17 2024 02:21 AM,30
1134,292,Drive,Dec 17 2024 02:21 AM,30
1135,291,Drive,Dec 17 2024 02:21 AM,27
1136,290,Drive,Dec 17 2024 02:20 AM,28
1137,289,Drive,Dec 17 2024 02:20 AM,30
1138,288,Drive,Dec 17 2024 02:19 AM,20
1139,287,Drive,Dec 17 2024 02:19 AM,20
1140,286,Drive,Dec 17 2024 02:18 AM,38
1141,285,Drive,Dec 17 2024 02:18 AM,35
1142,284,Drive,Dec 17 2024 02:18 AM,35
1143,283,Drive,Dec 17 2024 02:17 AM,14
1144,282,Drive,Dec 17 2024 02:17 AM,14
1145,281,Drive,Dec 17 2024 02:17 AM,17
1146,280,Drive,Dec 17 2024 02:16 AM,33
1147,279,Drive,Dec 17 2024 02:15 AM,27
1148,278,Drive,Dec 17 2024 02:15 AM,25
1149,277,Drive,Dec 17 2024 02:15 AM,20
1150,276,Drive,Dec 17 2024 02:15 AM,20
1151,275,Drive,Dec 17 2024 02:15 AM,20
1152,274,Drive,Dec 17 2024 02:14 AM,20
1153,273,Drive,Dec 17 2024 02:14 AM,32
1154,272,Drive,Dec 17 2024 02:14 AM,35
1155,271,Drive,Dec 17 2024 02:13 AM,32
1156,270,Drive,Dec 17 2024 02:13 AM,28
1157,269,Drive,Dec 17 2024 02:11 AM,30
1158,268,Drive,Dec 17 2024 02:10 AM,27
1159,267,Drive,Dec 17 2024 02:10 AM,25
1160,266,Drive,Dec 17 2024 02:09 AM,25
1161,265,Drive,Dec 17 2024 02:09 AM,25
1162,264,Drive,Dec 17 2024 02:09 AM,30
1163,263,Drive,Dec 17 2024 02:09 AM,30
1164,262,Drive,Dec 17 2024 02:09 AM,30
1165,261,Drive,Dec 17 2024 02:07 AM,28
1166,260,Drive,Dec 17 2024 02:07 AM,24
1167,259,Drive,Dec 17 2024 02:07 AM,25
1168,258,Drive,Dec 17 2024 02:06 AM,30
1169,257,Drive,Dec 17 2024 02:05 AM,38
1170,256,Drive,Dec 17 2024 02:04 AM,25
1171,255,Drive,Dec 17 2024 02:04 AM,22
1172,254,Drive,Dec 17 2024 02:04 AM,22
1173,253,Drive,Dec 17 2024 02:03 AM,37
1174,252,Drive,Dec 17 2024 02:01 AM,43
1175,251,Drive,Dec 17 2024 02:00 AM,20
1176,250,Drive,Dec 17 2024 01:59 AM,37
1177,249,Drive,Dec 17 2024 01:57 AM,20
1178,248,Drive,Dec 17 2024 01:57 AM,37
1179,247,Drive,Dec 17 2024 01:55 AM,32
1180,246,Drive,Dec 17 2024 01:53 AM,30
1181,245,Drive,Dec 17 2024 01:53 AM,30
1182,244,Drive,Dec 17 2024 01:51 AM,35
1183,243,Drive,Dec 17 2024 01:49 AM,30
1184,242,Drive,Dec 17 2024 01:47 AM,38
1185,241,Drive,Dec 17 2024 01:46 AM,38
1186,240,Drive,Dec 17 2024 01:46 AM,43
1187,239,Drive,Dec 17 2024 01:46 AM,41
1188,238,Drive,Dec 17 2024 01:45 AM,35
1189,237,Drive,Dec 17 2024 01:43 AM,25
1190,236,Drive,Dec 17 2024 01:41 AM,41
1191,235,Drive,Dec 17 2024 01:40 AM,48
1192,234,Drive,Dec 17 2024 01:39 AM,45
1193,233,Drive,Dec 17 2024 01:36 AM,22
1194,232,Drive,Dec 17 2024 01:35 AM,0
1195,231,Drive,Dec 17 2024 01:34 AM,27
1196,230,Drive,Dec 17 2024 01:32 AM,33
1197,229,Drive,Dec 17 2024 01:30 AM,32
1198,228,Drive,Dec 17 2024 01:29 AM,30
1199,227,Drive,Dec 17 2024 01:29 AM,35
1200,226,Drive,Dec 17 2024 01:27 AM,41
1201,225,Drive,Dec 17 2024 01:25 AM,41
1202,224,Drive,Dec 17 2024 01:25 AM,33
1203,223,Drive,Dec 17 2024 01:25 AM,40
1204,222,Drive,Dec 17 2024 01:24 AM,28
1205,221,Drive,Dec 17 2024 01:24 AM,20
1206,220,Drive,Dec 17 2024 01:23 AM,32
1207,219,Drive,Dec 17 2024 01:23 AM,33
1208,218,Drive,Dec 17 2024 01:22 AM,38
1209,217,Drive,Dec 17 2024 01:22 AM,35
1210,216,Drive,Dec 17 2024 01:22 AM,32
1211,215,Drive,Dec 17 2024 01:21 AM,25
1212,214,Drive,Dec 17 2024 01:21 AM,28
1213,213,Drive,Dec 17 2024 01:21 AM,27
1214,212,Drive,Dec 17 2024 01:20 AM,20
1215,211,Drive,Dec 17 2024 01:20 AM,27
1216,210,Drive,Dec 17 2024 01:20 AM,28
1217,209,Drive,Dec 17 2024 01:20 AM,25
1218,208,Drive,Dec 17 2024 01:20 AM,28
1219,207,Drive,Dec 17 2024 01:20 AM,30
1220,206,Drive,Dec 17 2024 01:19 AM,30
1221,205,Drive,Dec 17 2024 01:19 AM,30
1222,204,Drive,Dec 17 2024 01:19 AM,25
1223,203,Drive,Dec 17 2024 01:19 AM,25
1224,202,Drive,Dec 17 2024 01:19 AM,30
1225,201,Drive,Dec 17 2024 01:18 AM,28
1226,200,Drive,Dec 17 2024 01:18 AM,30
1227,199,Drive,Dec 17 2024 01:18 AM,28
1228,198,Drive,Dec 17 2024 01:18 AM,25
1229,197,Drive,Dec 17 2024 01:17 AM,28
1230,196,Drive,Dec 17 2024 01:17 AM,17
1231,195,Drive,Dec 17 2024 01:17 AM,14
1232,194,Drive,Dec 17 2024 01:16 AM,33
1233,193,Drive,Dec 17 2024 01:16 AM,27
1234,192,Drive,Dec 17 2024 01:15 AM,28
1235,191,Drive,Dec 17 2024 01:15 AM,38
1236,190,Drive,Dec 17 2024 01:15 AM,37
1237,189,Drive,Dec 17 2024 01:14 AM,35
1238,188,Drive,Dec 17 2024 01:14 AM,28
1239,187,Drive,Dec 17 2024 01:13 AM,30
1240,186,Drive,Dec 17 2024 01:12 AM,35
1241,185,Drive,Dec 17 2024 01:12 AM,38
1242,184,Drive,Dec 17 2024 01:11 AM,33
1243,183,Drive,Dec 17 2024 01:11 AM,28
1244,182,Drive,Dec 17 2024 01:11 AM,27
1245,181,Drive,Dec 17 2024 01:10 AM,32
1246,180,Drive,Dec 17 2024 01:09 AM,28
1247,179,Drive,Dec 17 2024 01:09 AM,30
1248,178,Drive,Dec 17 2024 01:09 AM,11
1249,177,Drive,Dec 17 2024 01:08 AM,20
1250,176,Drive,Dec 17 2024 01:08 AM,17
1251,175,Drive,Dec 17 2024 01:08 AM,24
1252,174,Drive,Dec 17 2024 01:07 AM,28
1253,173,Drive,Dec 17 2024 01:07 AM,30
1256,170,Drive,Dec 17 2024 01:07 AM,37
1257,169,Drive,Dec 17 2024 01:07 AM,51
1258,168,Drive,Dec 17 2024 01:07 AM,28
1259,167,Drive,Dec 17 2024 01:06 AM,32
1260,166,Drive,Dec 17 2024 01:05 AM,25
1261,165,Drive,Dec 17 2024 01:05 AM,24
1262,164,Drive,Dec 17 2024 01:04 AM,28
1263,163,Drive,Dec 17 2024 01:04 AM,35
1264,162,Drive,Dec 17 2024 01:04 AM,25
1267,159,Drive,Dec 17 2024 01:02 AM,27
1268,158,Drive,Dec 17 2024 01:01 AM,28
1269,157,Drive,Dec 17 2024 01:01 AM,28
1270,156,Drive,Dec 17 2024 01:01 AM,28
1271,155,Drive,Dec 17 2024 01:01 AM,20
1272,154,Drive,Dec 17 2024 01:00 AM,0
1273,153,Drive,Dec 17 2024 01:00 AM,35
1274,152,Drive,Dec 17 2024 12:59 AM,33
1275,151,Drive,Dec 17 2024 12:59 AM,22
1276,150,Drive,Dec 17 2024 12:59 AM,22
1277,149,Drive,Dec 17 2024 12:58 AM,24
1278,148,Drive,Dec 17 2024 12:58 AM,25
1279,147,Drive,Dec 17 2024 12:58 AM,30
1280,146,Drive,Dec 17 2024 12:58 AM,35
1281,145,Drive,Dec 17 2024 12:58 AM,30
1282,144,Drive,Dec 17 2024 12:58 AM,27
1283,143,Drive,Dec 17 2024 12:57 AM,30
1284,142,Drive,Dec 17 2024 12:57 AM,22
1285,141,Drive,Dec 17 2024 12:57 AM,27
1286,140,Drive,Dec 17 2024 12:57 AM,28
1287,139,Drive,Dec 17 2024 12:57 AM,25
1288,138,Drive,Dec 17 2024 12:57 AM,27
1289,137,Drive,Dec 17 2024 12:57 AM,20
1290,136,Drive,Dec 17 2024 12:56 AM,28
1291,135,Drive,Dec 17 2024 12:56 AM,17
1292,134,Drive,Dec 17 2024 12:56 AM,24
1293,133,Drive,Dec 17 2024 12:56 AM,25
1294,132,Drive,Dec 17 2024 12:56 AM,12
1295,131,Drive,Dec 17 2024 12:55 AM,12
1296,130,Drive,Dec 17 2024 12:55 AM,14
1297,129,Drive,Dec 17 2024 12:55 AM,14
1298,128,Drive,Dec 17 2024 12:54 AM,16
1299,127,Drive,Dec 17 2024 12:54 AM,9
1300,126,Drive,Dec 17 2024 12:54 AM,14
1301,125,Drive,Dec 17 2024 12:53 AM,11
1302,124,Drive,Dec 17 2024 12:53 AM,12
1303,123,Drive,Dec 17 2024 12:53 AM,22
1304,122,Drive,Dec 17 2024 12:53 AM,25
1305,121,Drive,Dec 17 2024 12:53 AM,27
1306,120,Drive,Dec 17 2024 12:52 AM,20
1307,119,Drive,Dec 17 2024 12:52 AM,19
1308,118,Drive,Dec 17 2024 12:52 AM,11
1309,117,Drive,Dec 17 2024 12:52 AM,0
1310,116,Drive,Dec 17 2024 12:52 AM,17
1311,115,Drive,Dec 17 2024 12:51 AM,0
1312,114,Drive,Dec 17 2024 12:51 AM,0
1313,113,Drive,Dec 17 2024 12:51 AM,11
1314,112,Drive,Dec 17 2024 12:51 AM,11
1315,111,Drive,Dec 17 2024 12:50 AM,19
1316,110,Drive,Dec 17 2024 12:50 AM,12
1317,109,Drive,Dec 17 2024 12:50 AM,19
1318,108,Drive,Dec 17 2024 12:49 AM,14
1319,107,Drive,Dec 17 2024 12:49 AM,20
1320,106,Drive,Dec 17 2024 12:49 AM,17
1321,105,Drive,Dec 17 2024 12:49 AM,11
1326,100,Drive,Dec 17 2024 12:41 AM,24
1327,99,Drive,Dec 17 2024 12:40 AM,30
1328,98,Drive,Dec 17 2024 12:40 AM,35
1329,97,Drive,Dec 17 2024 12:39 AM,33
1330,96,Drive,Dec 17 2024 12:39 AM,0
1331,95,Drive,Dec 17 2024 12:39 AM,9
1332,94,Drive,Dec 17 2024 12:39 AM,28
1333,93,Drive,Dec 17 2024 12:38 AM,40
1334,92,Drive,Dec 17 2024 12:37 AM,33
1335,91,Drive,Dec 17 2024 12:37 AM,20
1336,90,Drive,Dec 17 2024 12:36 AM,33
1337,89,Drive,Dec 17 2024 12:35 AM,22
1338,88,Drive,Dec 17 2024 12:35 AM,22
1339,87,Drive,Dec 17 2024 12:35 AM,24
1340,86,Drive,Dec 17 2024 12:35 AM,25
1343,83,Drive,Dec 17 2024 12:33 AM,0
1344,82,Drive,Dec 17 2024 12:33 AM,19
1345,81,Drive,Dec 17 2024 12:33 AM,24
1346,80,Drive,Dec 17 2024 12:32 AM,12
1347,79,Drive,Dec 17 2024 12:32 AM,25
1348,78,Drive,Dec 17 2024 12:32 AM,11
1349,77,Drive,Dec 17 2024 12:32 AM,14
1350,76,Drive,Dec 17 2024 12:31 AM,27
1351,75,Drive,Dec 17 2024 12:31 AM,25
1352,74,Drive,Dec 17 2024 12:31 AM,22
1353,73,Drive,Dec 17 2024 12:31 AM,17
1354,72,Drive,Dec 17 2024 12:31 AM,32
1355,71,Drive,Dec 17 2024 12:30 AM,16
1356,70,Drive,Dec 17 2024 12:30 AM,22
1357,69,Drive,Dec 17 2024 12:30 AM,28
1358,68,Drive,Dec 17 2024 12:30 AM,28
1359,67,Drive,Dec 17 2024 12:29 AM,30
1360,66,Drive,Dec 17 2024 12:29 AM,24
1363,63,Drive,Dec 17 2024 12:28 AM,25
1364,62,Drive,Dec 17 2024 12:28 AM,25
1365,61,Drive,Dec 17 2024 12:27 AM,28
1366,60,Drive,Dec 17 2024 12:27 AM,30
1367,59,Drive,Dec 17 2024 12:27 AM,28
1368,58,Drive,Dec 17 2024 12:27 AM,28
1369,57,Drive,Dec 17 2024 12:26 AM,24
1370,56,Drive,Dec 17 2024 12:26 AM,25
1371,55,Drive,Dec 17 2024 12:26 AM,25
1372,54,Drive,Dec 17 2024 12:26 AM,25
1373,53,Drive,Dec 17 2024 12:25 AM,35
1374,52,Drive,Dec 17 2024 12:25 AM,35
1375,51,Drive,Dec 17 2024 12:24 AM,32
1376,50,Drive,Dec 17 2024 12:24 AM,30
1377,49,Drive,Dec 17 2024 12:24 AM,33
1378,48,Drive,Dec 17 2024 12:24 AM,28
1379,47,Drive,Dec 17 2024 12:23 AM,32
1380,46,Drive,Dec 17 2024 12:23 AM,28
1381,45,Drive,Dec 17 2024 12:23 AM,20
1382,44,Drive,Dec 17 2024 12:23 AM,28
1383,43,Drive,Dec 17 2024 12:23 AM,19
1384,42,Drive,Dec 17 2024 12:22 AM,30
1385,41,Drive,Dec 17 2024 12:22 AM,32
1386,40,Drive,Dec 17 2024 12:21 AM,20
1387,39,Drive,Dec 17 2024 12:21 AM,12
1388,38,Drive,Dec 17 2024 12:21 AM,16
1389,37,Drive,Dec 17 2024 12:21 AM,17
1390,36,Drive,Dec 17 2024 12:21 AM,14
1391,35,Drive,Dec 17 2024 12:20 AM,28
1392,34,Drive,Dec 17 2024 12:20 AM,25
1393,33,Drive,Dec 17 2024 12:20 AM,25
1394,32,Drive,Dec 17 2024 12:19 AM,19
1395,31,Drive,Dec 17 2024 12:19 AM,22
1396,30,Drive,Dec 17 2024 12:19 AM,20
1397,29,Drive,Dec 17 2024 12:19 AM,9
1398,28,Drive,Dec 17 2024 12:18 AM,24
1399,27,Drive,Dec 17 2024 12:18 AM,20
1400,26,Drive,Dec 17 2024 12:17 AM,27
1401,25,Drive,Dec 17 2024 12:17 AM,19
1402,24,Drive,Dec 17 2024 12:17 AM,35
1403,23,Drive,Dec 17 2024 12:17 AM,35
1404,22,Drive,Dec 17 2024 12:17 AM,30
1407,19,Drive,Dec 17 2024 12:15 AM,41
1408,18,Drive,Dec 17 2024 12:13 AM,25
1409,17,Drive,Dec 17 2024 12:11 AM,37
1410,16,Drive,Dec 17 2024 12:10 AM,30
1411,15,Drive,Dec 17 2024 12:10 AM,32
1412,14,Drive,Dec 17 2024 12:10 AM,33
1413,13,Drive,Dec 17 2024 12:09 AM,32
1414,12,Drive,Dec 17 2024 12:09 AM,35
1415,11,Drive,Dec 17 2024 12:09 AM,40
1416,10,Drive,Dec 17 2024 12:08 AM,14
1417,9,Drive,Dec 17 2024 12:08 AM,35
1418,8,Drive,Dec 17 2024 12:07 AM,35
1419,7,Drive,Dec 17 2024 12:07 AM,35
1420,6,Drive,Dec 17 2024 12:07 AM,17
1421,5,Drive,Dec 17 2024 12:07 AM,11
1422,4,Drive,Dec 17 2024 12:06 AM,28
1423,3,Drive,Dec 17 2024 12:06 AM,43
1424,2,Drive,Dec 17 2024 12:02 AM,22
1425,1,Drive,Dec 17 2024 12:00 AM,38
